"","post","treat","air_conditioners_pc"
"1",0,0,0.00298845099098978
"2",0,0,0.0035418978091329
"3",0,0,0.00272650281712411
"4",0,0,0.000821205899119402
"5",0,0,0.00152298972941936
"6",0,0,0.00200435599498451
"7",0,0,0.000741494560614255
"8",0,0,0.000691256777383415
"9",0,0,0.00327155955322084
"10",0,0,0.00206595091149211
"11",0,0,0.000990240451879821
"12",0,0,0.00382851448561992
"13",0,0,0.00159111641068012
"14",0,0,0.000132745405659119
"15",0,0,0.00113253181148322
"16",0,0,0.00223882588837295
"17",0,0,0.00263949847966431
"18",0,0,0.00346127273607996
"19",0,0,0.00330808410886672
"20",0,0,0.00243489461857825
"21",0,0,0.00379164949897673
"22",0,0,0.000665193522349028
"23",0,0,0.00305872972495852
"24",0,0,0.00355423705186692
"25",0,0,0.00195602327492088
"26",0,0,0.000382689565420185
"27",0,0,0.00019888707436625
"28",0,0,0.00318349924962965
"29",0,0,0.00370919522270557
"30",0,0,0.0012967471862212
"31",0,0,0.00161839689686895
"32",0,0,0.00130011557321997
"33",0,0,0.000560026597231657
"34",0,0,0.00156753732822836
"35",0,0,0.00221898909844458
"36",0,0,0.00178855305910111
"37",0,0,0.000864693551324332
"38",0,0,0.000151801530271808
"39",0,0,0.00243542443308978
"40",0,0,0.00345677844248709
"41",0,0,0.00396185518149282
"42",0,0,0.000423750992864404
"43",0,0,0.00291734340786932
"44",0,0,0.000401272824965451
"45",0,0,0.0013134051859379
"46",0,0,0.00266856797598301
"47",0,0,0.00371428045909848
"48",0,0,0.00298377808462826
"49",0,0,0.00267448856681584
"50",0,0,0.000438344277441535
"51",0,0,0.00129799698945136
"52",0,0,0.00147185201756657
"53",0,0,0.000683997699059574
"54",0,0,0.000953889452852331
"55",0,0,0.00173611528612674
"56",0,0,0.000790925230830933
"57",0,0,0.00321343130059538
"58",0,0,0.00312100981827823
"59",0,0,0.00245186659786849
"60",0,0,0.00375627160537984
"61",0,0,0.00356783195491877
"62",0,0,0.00338692185375837
"63",0,0,0.00271380021888761
"64",0,0,0.00062007562816146
"65",0,0,0.00219480904750526
"66",0,0,0.00158585482463242
"67",0,0,0.00377549409586932
"68",0,0,0.0013344374028966
"69",0,0,0.000131129657849709
"70",0,0,0.00159591647889466
"71",0,0,0.00122332107182594
"72",0,0,0.00154677932709456
"73",0,0,0.00387122465204444
"74",0,0,0.00223328540753573
"75",0,0,0.000202258589677551
"76",0,0,0.00349940004479137
"77",0,0,0.00392283687833693
"78",0,0,0.000137236670590977
"79",0,0,0.00105428727623077
"80",0,0,0.0009964020540938
"81",0,0,0.00396917739696797
"82",0,0,0.000686926199123291
"83",0,0,0.00341310456395146
"84",0,0,0.000511444531381162
"85",0,0,0.00297609784174708
"86",0,0,0.00131782198231669
"87",0,0,0.00384921755548563
"88",0,0,0.00395995926205065
"89",0,0,0.00341066980827597
"90",0,0,0.00196554930321872
"91",0,0,0.00382854143530127
"92",0,0,0.00388635024894025
"93",0,0,0.00270414034835993
"94",0,0,0.00308901621121911
"95",0,0,9.56059582531857e-05
"96",0,0,0.0020181439332664
"97",0,0,1.6955714672846e-05
"98",0,0,1.25445500016633e-05
"99",0,0,0.00192601229343563
"100",0,0,0.00167793853953481
"101",0,0,0.00107775393966587
"102",0,0,0.00223822672665119
"103",0,0,0.00193356633652002
"104",0,0,0.00243456146959214
"105",0,0,0.00148215725179763
"106",0,0,0.000778978694230344
"107",0,0,0.00275143115222453
"108",0,0,0.00137949989642949
"109",0,0,0.000977747322991512
"110",0,0,0.00218838842678815
"111",0,0,0.00378942885342982
"112",0,0,0.00240048670303076
"113",0,0,0.00103313606139275
"114",0,0,0.00181292106490583
"115",0,0,0.000330726631917095
"116",0,0,0.000276437421329356
"117",0,0,0.00340067966468629
"118",0,0,0.000684879152104286
"119",0,0,0.00329408631473777
"120",0,0,0.00286168682575224
"121",0,0,0.00106281350366773
"122",0,0,0.000718539294786779
"123",0,0,0.00338674541935322
"124",0,0,0.000718633363023427
"125",0,0,0.000961986855603777
"126",0,0,0.000229320682585277
"127",0,0,0.00201192569267005
"128",0,0,0.00314112784247843
"129",0,0,0.00119332092069091
"130",0,0,0.0021186318937689
"131",0,0,0.000938572905957722
"132",0,0,0.00295451427251099
"133",0,0,0.00299819096736608
"134",0,0,0.0019802258759737
"135",0,0,0.00216593915969133
"136",0,0,0.00030450936965648
"137",0,0,0.00323546180315313
"138",0,0,0.00241369296889751
"139",0,0,0.000677433822304039
"140",0,0,0.00137237796746196
"141",0,0,0.00369594951998439
"142",0,0,0.00381740072183307
"143",0,0,0.00336727520078418
"144",0,0,0.0013657912593335
"145",0,0,0.00396576460916545
"146",0,0,0.00358390229661014
"147",0,0,0.000898358194157505
"148",0,0,0.00124765569530429
"149",0,0,0.00295472036581484
"150",0,0,0.00135189667623491
"151",0,0,0.00319054807350037
"152",0,0,0.00286629815306513
"153",0,0,0.00183828864619136
"154",0,0,0.00168067634478212
"155",0,0,0.000992932063527427
"156",0,0,0.000428349445574019
"157",0,0,0.00349397289194163
"158",0,0,0.00193456462956965
"159",0,0,0.00351133076939729
"160",0,0,0.00334497038926926
"161",0,0,0.00391121692396696
"162",0,0,0.00144591967388989
"163",0,0,0.00395753961335864
"164",0,1,0.000579320495016903
"165",0,1,0.00334246578998861
"166",0,1,0.000793791965581502
"167",0,1,0.00235057783965021
"168",0,1,0.000563799567520649
"169",0,1,0.00344006493501362
"170",0,1,0.000922696803696477
"171",0,1,0.00322607422526923
"172",0,1,0.000932080397382401
"173",0,1,0.000416414200328324
"174",0,1,0.000646539269946544
"175",0,1,0.00253170999232679
"176",0,1,0.000642178309150069
"177",0,1,0.000739747729152468
"178",0,1,0.00279700007569043
"179",0,1,0.000623880360275536
"180",0,1,0.00159398026298732
"181",0,1,0.00211790305934846
"182",0,1,0.00108327827416362
"183",0,0,0.000279546253383196
"184",0,0,0.000475725777447256
"185",0,0,0.000167657428421119
"186",0,0,0.00267791140358894
"187",0,0,0.00187470982410014
"188",0,0,0.00123020092677327
"189",0,0,0.000106140086427371
"190",0,0,0.002562996330671
"191",0,0,0.0012354489406571
"192",0,0,0.00360412886086848
"193",0,0,7.6535659842234e-05
"194",0,0,0.0033695863569155
"195",0,0,0.0031868226919323
"196",0,0,0.000562269105576009
"197",0,0,0.00347553257178512
"198",0,0,0.00124338808096947
"199",0,0,0.00214631076343357
"200",0,0,0.000613922739401489
"201",0,0,0.000462288059294257
"202",0,0,0.00267222784366457
"203",0,0,0.00297275884356348
"204",0,0,0.00395093896612521
"205",0,0,0.00392716809175904
"206",0,0,0.000427331521175835
"207",0,0,0.00348807018157092
"208",0,0,0.00321098669525233
"209",0,0,0.00272103094961493
"210",0,0,0.00055628401786092
"211",0,0,0.00128132057841869
"212",0,0,0.00379201766662296
"213",0,0,0.000454853223636779
"214",0,0,0.00151269809808583
"215",0,0,0.0037716695675626
"216",0,0,0.0031623074263334
"217",0,0,0.00149519731011243
"218",0,0,0.000367530695162748
"219",0,0,0.00399917898513372
"220",0,0,0.00397775043826546
"221",0,0,0.00215556994266808
"222",0,0,0.003324414210394
"223",0,0,0.00294829379208384
"224",0,0,0.00153600266482682
"225",0,0,0.00265375199727713
"226",0,1,0.00237921122927218
"227",0,1,0.00285620742756872
"228",0,1,0.000928598127327882
"229",0,1,0.00176718876603991
"230",0,1,0.00223707637190818
"231",0,1,0.00387869144696738
"232",0,1,0.00376373499818143
"233",0,0,0.00224040589388459
"234",0,0,0.000848863307386661
"235",0,0,0.00157167484425009
"236",0,0,0.00360539892315861
"237",0,0,0.00371904479432847
"238",0,0,0.00184634745493532
"239",0,0,0.00208738615363836
"240",0,0,0.00145776075311006
"241",0,0,0.00329672739282248
"242",0,0,7.58468164131455e-05
"243",0,0,0.0036669519981369
"244",0,0,0.00114009756408634
"245",0,0,0.00186523406393826
"246",0,0,0.00126046668272467
"247",0,0,0.00280506461206822
"248",0,0,0.00296410771831868
"249",0,0,0.000635254310444026
"250",0,0,0.00286515428125856
"251",0,0,0.000565518287941844
"252",0,1,0.000927498008124553
"253",0,1,0.00162519258260728
"254",0,1,0.00261020913626997
"255",0,1,0.00151209855265916
"256",0,1,0.0009628367405385
"257",0,1,0.00365055412892249
"258",0,1,0.00258248041849582
"259",0,1,0.000619366420432955
"260",0,1,0.00364503803290423
"261",0,1,0.000245320009067692
"262",0,1,0.00363989933021363
"263",0,1,0.00290239953249691
"264",0,1,0.00368974252790209
"265",0,1,0.00170002613402904
"266",0,1,0.00100592137593778
"267",0,1,1.05925723910753e-05
"268",0,1,0.00279553764499722
"269",0,1,0.000615571900270909
"270",0,1,0.00231434757728129
"271",0,1,0.00308519607409833
"272",0,1,0.00130763144325466
"273",0,1,0.00343531195260581
"274",0,1,0.00187852192018181
"275",0,1,0.0010225123614073
"276",0,1,0.00363266896083948
"277",0,1,0.00197610032372177
"278",0,1,0.000846347444690788
"279",0,1,0.00218273555953055
"280",0,1,0.00143011686205865
"281",0,1,0.00221239596698433
"282",0,1,0.00352203496173021
"283",0,1,5.77306626365001e-05
"284",0,1,0.00248451181780546
"285",0,1,0.00198951432760805
"286",0,1,0.00239601892139762
"287",0,1,0.00322832324262706
"288",0,1,0.00292657695990054
"289",0,1,0.00286731348000465
"290",0,1,0.00200760643742979
"291",0,1,0.00258489422313868
"292",0,1,0.00161742700263859
"293",0,1,0.00242134980205446
"294",0,1,0.000201167908497193
"295",0,1,0.00373787981923666
"296",0,1,0.00330615413375196
"297",0,1,0.00310448124632237
"298",0,1,0.00155281968973578
"299",0,1,0.00135778330359609
"300",0,1,0.00366739279497411
"301",0,1,2.7799361385447e-05
"302",0,1,0.00032618119474504
"303",0,1,0.00236143375746905
"304",0,1,0.00112250716984274
"305",0,1,0.000360537488944863
"306",0,1,0.00124837237317117
"307",0,1,0.00173328742478043
"308",0,1,0.00187632341869176
"309",0,1,0.00349961481802162
"310",0,1,0.00275955967046319
"311",0,1,0.00275746445078401
"312",0,1,0.000400370537303422
"313",0,1,0.00214116405230015
"314",0,0,0.00161804697662593
"315",0,0,0.00143773400597276
"316",0,0,0.00202301919460297
"317",0,0,0.00272733477596192
"318",0,0,0.00235490523092448
"319",0,0,0.00352409702353176
"320",0,0,0.00282105071004478
"321",0,0,0.00183417122811079
"322",0,0,0.00184929359704256
"323",0,0,0.000921932103112363
"324",0,0,0.000603824384510547
"325",0,0,0.00321766881551591
"326",0,1,0.00316623356845227
"327",0,1,0.000325034348294174
"328",0,1,0.0010593301150948
"329",0,1,0.00287964217085389
"330",0,1,0.000135701504536013
"331",0,1,0.000928630988113605
"332",0,1,0.00114257907029243
"333",0,0,0.00336007161904124
"334",0,0,0.00112708718515934
"335",0,0,0.0001401308588684
"336",0,0,0.00236286126449703
"337",0,0,0.000115813127718906
"338",0,0,0.000950829210691176
"339",0,0,0.00040687341615561
"340",0,0,0.000794757616706218
"341",0,0,0.00128091229870917
"342",0,0,0.00216393123753369
"343",0,0,0.000238291620276906
"344",0,0,0.0021008778270334
"345",0,0,0.000421945879235897
"346",0,0,0.00190442528761924
"347",0,0,0.00328856721334157
"348",0,1,0.00110515874158593
"349",0,1,0.00373765836283561
"350",0,1,0.00365828775148835
"351",0,1,0.00241524887736886
"352",0,1,0.00200739206094295
"353",0,1,0.00180024663824588
"354",0,1,0.000613673723302811
"355",0,1,0.000290160817094184
"356",0,1,0.000227109871804752
"357",0,1,0.00292716933693735
"358",0,1,0.00394433441478755
"359",0,1,0.00217345845885574
"360",0,1,0.00120259452145548
"361",0,1,0.00181851218920201
"362",0,1,0.00344084800872949
"363",0,1,0.00312201911024747
"364",0,1,0.00167603823076934
"365",0,1,0.000987840657122455
"366",0,1,0.00237429601419716
"367",0,0,0.00168884988501669
"368",0,0,0.000871840077452386
"369",0,0,0.000870495119132126
"370",0,0,0.00325143628008661
"371",0,0,0.00138048253860326
"372",0,0,0.00132545034587385
"373",0,0,0.00230222354922443
"374",0,0,0.00237428975477814
"375",0,0,0.00300088112894444
"376",0,0,0.00234035509824752
"377",0,0,0.00145357332378627
"378",0,0,0.0014297790369019
"379",0,0,0.00282922802027313
"380",0,0,0.00308853849861769
"381",0,0,0.00073773372173312
"382",0,0,0.000350981223396992
"383",0,1,0.00179540250450373
"384",0,1,0.00269995587505399
"385",0,1,0.00195311623066664
"386",0,1,0.00391738942544903
"387",0,1,0.00352985628414896
"388",0,1,0.00322092711552975
"389",0,1,0.00226686315238475
"390",0,1,0.000660971404053299
"391",0,1,0.00164492418710143
"392",0,1,0.00343819588702169
"393",0,1,0.000127702234312932
"394",0,1,0.00293442556541411
"395",0,1,0.00231375849060714
"396",0,1,0.00204921155702323
"397",0,0,0.00320323341246692
"398",0,0,0.00292321507446466
"399",0,0,0.00226629489846527
"400",0,0,0.0013305478077382
"401",0,0,0.00217478176765144
"402",0,0,0.00343394617270675
"403",0,0,0.00230724408198147
"404",0,0,0.000178605400957206
"405",0,0,0.00351026364136484
"406",0,0,0.00322161129489538
"407",0,0,0.00216993230767548
"408",0,0,0.00383784439880397
"409",0,0,0.000193822843022683
"410",0,0,0.001714576324448
"411",0,0,0.0018749583568424
"412",0,1,0.000811834423802818
"413",0,1,0.00256903755385427
"414",0,1,0.00294668402336536
"415",0,1,0.000348226818256115
"416",0,1,0.000898345729336166
"417",0,1,0.000759722199291017
"418",0,1,0.0026176777621731
"419",0,1,0.00158527565002442
"420",0,1,0.00179697367362678
"421",0,0,0.0016063022138551
"422",0,0,0.00393888082541521
"423",0,0,0.000512985086068543
"424",0,0,0.000808819127269115
"425",0,0,0.0019033027747646
"426",0,0,0.00158393376786263
"427",0,0,0.00330413542967287
"428",0,0,0.00102012529689821
"429",0,0,0.00202201013639569
"430",0,0,0.000946014599874638
"431",0,0,0.002820399582386
"432",0,0,0.00230641551315784
"433",0,0,0.00121422435529532
"434",0,0,0.0011861208304763
"435",0,0,0.000557505419477851
"436",0,0,0.00128926900867374
"437",0,0,0.0034699063170701
"438",0,0,0.00262590669095515
"439",0,0,0.00314799551200119
"440",0,0,0.000167041143402496
"441",0,0,0.00128700771182777
"442",0,0,0.000914467703551077
"443",0,0,0.0008852506130934
"444",0,0,0.00236630619317292
"445",0,0,0.00152443906478585
"446",0,0,0.00133959447033705
"447",0,0,0.00134365465492012
"448",0,0,0.00357823793683198
"449",0,0,0.00101055756025018
"450",0,0,0.00170230624265969
"451",0,0,0.000197314467281141
"452",0,0,0.00113179186731579
"453",0,0,0.00109136449638756
"454",0,0,0.00249240559060126
"455",0,0,0.00323229502793399
"456",0,0,0.00209208144433796
"457",0,0,0.00179725229274482
"458",0,0,0.0032402770053595
"459",0,0,0.00173344978224487
"460",0,0,0.00314280812907962
"461",0,0,0.000373921686783467
"462",0,0,0.00251015094202011
"463",0,0,0.00163005960080773
"464",0,0,0.00297324304282663
"465",0,0,0.0020555132413283
"466",0,0,0.00302622142434118
"467",0,0,0.00227368319593369
"468",0,0,0.000907186322845542
"469",0,0,0.00115263648424299
"470",0,0,0.000637005764059751
"471",0,0,0.000980310775339625
"472",0,0,0.00292418604716657
"473",0,0,0.00318776879645882
"474",0,0,0.00238463454227894
"475",0,0,0.000484141531400415
"476",0,0,0.00261441489309071
"477",0,0,0.00114253329951318
"478",0,1,0.00377651014644649
"479",0,1,0.00180959470476956
"480",0,1,0.00193523536156863
"481",0,1,0.00137547355890275
"482",0,1,4.37329076230942e-05
"483",0,1,0.00309355216287074
"484",0,1,0.00385377280414101
"485",0,1,0.000137011892162303
"486",0,1,0.00174175690393895
"487",0,1,0.000420285642147098
"488",0,1,0.00378932496625926
"489",0,1,0.00307733975723384
"490",0,1,0.00168857302051038
"491",0,1,0.00362207516375926
"492",0,1,0.00167916521430016
"493",0,1,0.000800960305146899
"494",0,1,0.00156608042586596
"495",0,1,0.00153013290278615
"496",0,1,0.0032034193947911
"497",0,1,0.00166559751983733
"498",0,1,0.00179971988406033
"499",0,1,0.000574793947860629
"500",0,1,0.00160581307299436
"501",0,1,0.00119626416545363
"502",0,1,0.0032606408325955
"503",0,1,0.00189178388100118
"504",0,1,0.00243444317113607
"505",0,1,0.00083340344484898
"506",0,0,0.0024445898355916
"507",0,0,0.000647673785686522
"508",0,0,0.00164977527875454
"509",0,0,0.00167436634656043
"510",0,0,0.000729207243770388
"511",0,0,0.000251288020983376
"512",0,0,1.16038937122052e-05
"513",0,0,0.00322659036237744
"514",0,0,0.00220843830052763
"515",0,0,0.00184453480225057
"516",0,0,0.00367232825234529
"517",0,0,0.00218696645088493
"518",0,0,0.00126697129011156
"519",0,0,0.00244307216070591
"520",0,0,0.00138276037201287
"521",0,0,0.00110278226528319
"522",0,0,0.000786281167529549
"523",0,0,0.00127705339621754
"524",0,0,0.00163221778720618
"525",0,0,0.00366020495723929
"526",0,1,0.00268170104548334
"527",0,1,0.00192765853647143
"528",0,1,0.00317216741573063
"529",0,1,0.00116178366821261
"530",0,1,0.00205326230358332
"531",0,1,0.00130934453010561
"532",0,1,0.00142283299937845
"533",0,1,0.00131960087176414
"534",0,1,0.000147039397619704
"535",0,1,0.00303914044797418
"536",0,1,0.00256337416637688
"537",0,1,0.00286176434624938
"538",0,1,0.000175452614203134
"539",0,1,6.18210462853723e-05
"540",0,1,0.00237374617531895
"541",0,1,0.00266301148198544
"542",0,1,0.00345224317256358
"543",0,1,0.00308127844240514
"544",0,1,0.0019843702018261
"545",0,1,0.000535754066891999
"546",0,1,0.00358180345781144
"547",0,1,0.00037956494931135
"548",0,1,0.00347809569444504
"549",0,1,0.00238736629951744
"550",0,1,0.000175706177018622
"551",0,1,0.00342499197833237
"552",0,1,0.00163211748469622
"553",0,1,0.00395420067384835
"554",0,1,0.0029541207347065
"555",0,1,0.00146133278775961
"556",0,1,0.00312345448601989
"557",0,1,0.00364372942037877
"558",0,1,0.00368877136707302
"559",0,1,0.00124886298738422
"560",0,1,0.00160542737413199
"561",0,1,0.000449627153575453
"562",0,1,0.000278314284980334
"563",0,1,0.000332081975415384
"564",0,1,0.00262222905736415
"565",0,1,0.00156411515362562
"566",0,1,0.000268395078368522
"567",0,1,0.00290350297000257
"568",0,1,0.00322619102522728
"569",0,1,0.00284690262656657
"570",0,1,0.00121669831685724
"571",0,1,0.000461520283483001
"572",0,1,0.000588746350258619
"573",0,1,0.00193286960292608
"574",0,1,0.000101042990572791
"575",0,1,0.00398305693455036
"576",0,1,0.00317225047294048
"577",0,1,0.000851062163710618
"578",0,1,0.00183036373276264
"579",0,1,0.00226984400860965
"580",0,1,0.000173249330371657
"581",0,1,0.00033077634312216
"582",0,1,0.00118209961149843
"583",0,1,0.000215727836824991
"584",0,1,0.0012901670234278
"585",0,1,0.00299856321234254
"586",0,1,0.00261703211721032
"587",0,1,0.00150668356195093
"588",0,1,0.00031263819057498
"589",0,1,0.00157616749964655
"590",0,1,0.00277177468594162
"591",0,1,0.00121364095062019
"592",0,1,0.00145516555756332
"593",0,1,0.000968960073776565
"594",0,1,0.00129057313874365
"595",0,1,0.00355217109248039
"596",0,1,0.0026614180440083
"597",0,1,0.00355304828286168
"598",0,1,0.0039101012004539
"599",0,1,0.00330757948290554
"600",0,1,0.00305877712741492
"601",0,1,0.00112655005883427
"602",0,1,0.000934836340136849
"603",0,1,0.0033891555573791
"604",0,1,0.00340867691300806
"605",0,1,0.0017873469516635
"606",0,1,0.00189738380070776
"607",0,1,0.000670646866783528
"608",0,1,0.00112056069821121
"609",0,1,0.0017153730429709
"610",0,1,0.000799214383587267
"611",0,1,0.00243571037799119
"612",0,1,0.00193554955162108
"613",0,1,0.000788862472400095
"614",0,1,0.00125934485252948
"615",0,1,0.000946048557758354
"616",0,1,0.0028659676844254
"617",0,1,0.000379110436886584
"618",0,1,0.00102228151075544
"619",0,1,0.0021559266410768
"620",0,1,0.000313480982556975
"621",0,1,4.45669237524688e-05
"622",0,1,0.000570683531463177
"623",0,1,0.00214826041646301
"624",0,1,0.00339567546732721
"625",0,1,0.000865609643049562
"626",0,1,0.00353836334962395
"627",0,1,0.00111906590405853
"628",0,1,0.000368075650185381
"629",0,1,0.00354214950650927
"630",0,1,0.00267183659411965
"631",0,1,0.000454438753426108
"632",0,1,0.00194255278818309
"633",0,1,0.000497016195207866
"634",0,1,0.00368645592965182
"635",0,1,4.60873031989154e-05
"636",0,1,0.000632925651967554
"637",0,1,0.00321161296125499
"638",0,1,0.00285382243618367
"639",0,1,0.000110305421054403
"640",0,1,0.00217832467332482
"641",0,1,0.00226296221185475
"642",0,1,0.000290307312272525
"643",0,1,0.0016052788514644
"644",0,1,0.00243752604164182
"645",0,1,0.000573846568353504
"646",0,1,0.0029678894812241
"647",0,1,0.00125842148438098
"648",0,1,0.00174653845001013
"649",0,1,0.00218460651952773
"650",0,1,0.00257101434655486
"651",0,1,0.00363317638076838
"652",0,1,0.00273323946725576
"653",0,1,0.00334005712717769
"654",0,1,0.000556558065116436
"655",0,1,0.00113467167969795
"656",0,1,0.00390669803600754
"657",0,1,4.42700507119714e-05
"658",0,1,0.00187312149628997
"659",0,1,0.000236381606198885
"660",0,1,0.00212234096135944
"661",0,1,0.00306294786743817
"662",0,1,0.00200903974659741
"663",0,1,0.000884076796472096
"664",0,1,0.00253255779109894
"665",0,1,0.000106961623765569
"666",0,1,0.00211954935174435
"667",0,1,0.000327813843265211
"668",0,1,0.00339852130226788
"669",0,1,0.00353849888872352
"670",0,1,0.0017358579793945
"671",0,1,0.00353051003348079
"672",0,1,0.00180878559034318
"673",0,1,0.00286345060169695
"674",0,1,0.000940241213887953
"675",0,1,0.00185747132450342
"676",0,1,0.00237229397613554
"677",0,1,0.00264925813023
"678",0,1,0.0022608918165788
"679",0,1,0.00141981398407371
"680",0,1,0.000672770880162744
"681",0,1,0.00317803996894506
"682",0,1,0.00162180407904089
"683",0,1,0.000255903122015335
"684",0,1,0.00332504425197837
"685",0,1,0.00167399030830712
"686",0,1,0.00144234967790545
"687",0,1,0.00208168396167457
"688",0,1,0.00281579510588197
"689",0,1,0.00191338090505451
"690",0,1,0.00345426131971177
"691",0,1,0.00186207946017385
"692",0,1,0.00398101095017042
"693",0,1,0.00198282630741596
"694",0,1,0.0019164914386347
"695",0,1,0.00104256149288269
"696",0,1,0.00094944910425695
"697",0,1,0.000134794632904271
"698",0,1,0.00359747347049412
"699",0,1,0.00212681728694588
"700",0,1,0.000973239224404118
"701",0,1,0.00351831600721922
"702",0,1,0.00198285318166018
"703",0,1,0.00385554463695731
"704",0,1,0.00241836556233465
"705",0,1,0.000891766999848211
"706",0,1,0.00391165166534479
"707",0,1,0.000255388006567992
"708",0,1,0.00033263959549371
"709",0,1,0.00165170967578889
"710",0,1,0.00392954543139781
"711",0,1,0.00290403324179349
"712",0,1,0.00379100623168047
"713",0,1,0.00391697807703163
"714",0,1,0.00389716908149417
"715",0,1,0.00232388346549123
"716",0,1,0.00369000726100054
"717",0,1,0.000669389749877183
"718",0,1,0.00194864271581173
"719",0,1,0.00143277511186899
"720",0,1,0.00307680421788243
"721",0,1,0.00191503823921085
"722",0,1,0.00137962771765889
"723",0,1,0.000704859383404282
"724",0,1,0.0033082848973572
"725",0,1,0.000277940794825591
"726",0,1,0.00345857020281252
"727",0,1,0.00251345425192266
"728",0,1,0.00219385939277708
"729",0,1,0.000314731725491619
"730",0,1,0.00145614693313838
"731",0,1,0.00227968658413737
"732",0,1,0.00076261915452781
"733",0,1,0.00300023879297076
"734",0,1,0.000580183149315447
"735",0,1,0.00289068642351774
"736",0,1,0.00230588346812873
"737",0,1,0.0012930697258562
"738",0,1,0.00310838909074662
"739",0,1,0.00139468503091486
"740",0,1,0.00261157403234391
"741",0,1,0.00106653606891634
"742",0,1,0.000271324098110236
"743",0,1,0.00221483668498694
"744",0,1,0.000462686433456871
"745",0,1,0.00109520278126003
"746",0,1,0.00379002770408984
"747",0,1,0.0037216366101056
"748",0,1,0.0013015316091478
"749",0,1,0.000543656841851802
"750",0,1,0.00135529220663012
"751",0,1,0.00353003313206133
"752",0,1,0.00395050990395244
"753",0,1,0.00270677034184335
"754",0,1,0.00199893880076706
"755",0,1,2.73128505800429e-06
"756",0,1,0.00370769130066034
"757",0,1,0.000434464830905232
"758",0,1,0.00231053149141371
"759",0,1,0.00311970455665139
"760",0,1,0.00247997732833027
"761",0,1,0.000747749339789179
"762",0,1,0.000192215043120125
"763",0,1,0.00274234662856905
"764",0,1,0.00313855276163665
"765",0,1,0.00107601182069631
"766",0,1,1.10828336328693e-05
"767",0,1,0.00352129853796211
"768",0,1,0.00370764432102438
"769",0,1,0.00142303803283722
"770",0,1,0.000494230108335646
"771",0,1,0.000484809344634446
"772",0,1,0.00292698823008684
"773",0,1,0.00169891482125968
"774",0,1,0.00351206216495481
"775",0,1,0.0011155843967572
"776",0,1,0.00351043304707852
"777",0,1,0.000615926730446547
"778",0,1,0.00336142558231947
"779",0,1,0.00336461589206007
"780",0,1,0.000951801601797364
"781",0,1,0.00363992296718058
"782",0,1,0.00307826258428393
"783",0,1,0.0034690643623471
"784",0,1,0.000442221419885788
"785",0,1,0.00136808691173793
"786",0,1,0.00274786370154469
"787",0,1,0.00130547737423332
"788",0,1,0.00268358070589601
"789",0,1,0.00177188382484019
"790",0,1,0.00347110989224163
"791",0,1,0.00140437864605339
"792",0,1,0.000507948605343731
"793",0,1,0.00369380116928365
"794",0,1,0.00224008070770651
"795",0,1,0.00236623248364776
"796",0,1,0.000383150507696007
"797",0,1,0.0025089577352628
"798",0,1,0.00207091420330107
"799",0,1,8.40305034071614e-05
"800",0,0,0.00141128081921489
"801",0,0,0.00254282512050121
"802",0,0,0.00223415282461792
"803",0,0,0.000545273367315562
"804",0,0,0.00359625916648653
"805",0,0,0.00105268249195071
"806",0,0,0.00100053175166251
"807",0,0,0.00155767774488778
"808",0,0,0.000385438055731391
"809",0,0,0.000725531569682089
"810",0,0,0.00175252595078201
"811",0,0,0.00128837545029821
"812",0,0,0.00087812600191685
"813",0,0,0.00132449573278429
"814",0,0,0.000237351282499768
"815",0,0,0.00349530968815085
"816",0,0,0.0028582219770178
"817",0,0,0.00182339517306537
"818",0,0,0.000681440582498936
"819",0,0,0.000950757382437609
"820",0,0,0.00382035169471051
"821",0,1,0.00120567776076497
"822",0,1,0.00191106936428696
"823",0,1,0.00211497181467712
"824",0,1,0.000391561653465067
"825",0,1,0.00372372206859287
"826",0,1,0.00145831346791239
"827",0,1,0.00268733119778334
"828",0,1,0.00250453108362852
"829",0,1,0.000278514870442487
"830",0,1,0.000699220249429373
"831",0,1,0.00311723876371977
"832",0,1,0.00328394587337968
"833",0,1,0.00118440920207651
"834",0,1,0.00153318598959596
"835",0,1,0.0015114427227527
"836",0,1,0.00116380770690741
"837",0,1,0.00244909088686108
"838",0,1,0.00125591002125295
"839",0,1,0.00219309824705124
"840",0,1,0.000809830275364245
"841",0,1,0.00123467732500287
"842",0,1,0.00274414628744124
"843",0,1,0.000904962840490066
"844",0,1,0.00265517357736825
"845",0,1,0.00153056257311256
"846",0,1,0.00254440864175557
"847",0,1,0.00286279106605796
"848",0,1,0.0023722874643281
"849",0,1,0.00224335465114563
"850",0,1,0.000975238502025626
"851",0,1,0.000491125996224614
"852",0,1,0.00247874620091169
"853",0,1,0.00115007624309512
"854",0,1,0.00320071560982612
"855",0,1,0.00269592405855654
"856",0,1,0.00390410962328311
"857",0,1,0.00347515544947234
"858",0,1,0.00349322502315041
"859",0,1,0.00309110022336242
"860",0,1,0.00213734108116477
"861",0,1,0.000767263978719737
"862",0,1,0.00274313367158173
"863",0,1,0.000479004228487643
"864",0,1,0.00175792568176985
"865",0,1,0.000379101502709125
"866",0,1,0.00126488790381701
"867",0,1,0.0012951902691275
"868",0,1,0.00116960931196811
"869",0,1,0.00272313172277062
"870",0,1,0.00128050112444909
"871",0,1,0.00258397691417484
"872",0,1,0.00101340440008791
"873",0,1,0.00316539866011587
"874",0,1,0.000187466934323349
"875",0,1,0.00358462088555094
"876",0,1,0.00213107152376324
"877",0,1,0.0034238864239305
"878",0,1,0.000581709157675535
"879",0,1,0.000602465196512669
"880",0,1,0.00333706605061886
"881",0,1,0.00363849037233737
"882",0,1,0.00322782528959212
"883",0,0,0.000992869783192894
"884",0,0,0.00288778725545851
"885",0,0,0.00127796065900476
"886",0,0,0.0035430204691365
"887",0,0,0.00173107963800431
"888",0,0,0.00210092975012958
"889",0,0,0.00282383565884082
"890",0,0,0.00382400303613391
"891",0,0,0.00354555522743609
"892",0,0,0.00220346399862319
"893",0,0,0.000491315069608422
"894",0,0,0.00334286382049319
"895",0,0,0.000484501016326281
"896",0,0,0.00233678546082228
"897",0,0,0.00339841206278649
"898",0,0,0.00297332316916434
"899",0,0,0.00363669330719855
"900",0,0,0.0014740594374016
"901",0,1,0.00146813492756338
"902",0,1,0.00279956509452311
"903",0,1,0.0018829494798556
"904",0,1,0.00189011757541448
"905",0,1,0.0033797451695427
"906",0,1,0.00067783721629533
"907",0,1,0.000567964434623749
"908",0,1,0.00369586625974622
"909",0,1,0.000395864550955628
"910",0,1,0.00289262496400623
"911",0,1,0.0025675891926512
"912",0,1,0.00117339311726393
"913",0,1,0.00380439981725063
"914",0,1,0.00287746378779409
"915",0,1,0.00378596842754628
"916",0,1,0.00200989897549152
"917",0,1,0.0034150050282478
"918",0,1,0.000523479814641209
"919",0,1,0.00376645693555471
"920",0,1,0.00284986458253114
"921",0,1,0.00352026803046462
"922",0,1,0.00173399159591646
"923",0,1,0.000406899194233153
"924",0,1,0.000357659696601366
"925",0,1,0.00179810256045312
"926",0,1,0.00145056475698949
"927",0,1,0.00282821522280572
"928",0,1,0.00064377013593915
"929",0,1,0.00200321885757148
"930",0,1,0.00161343104206026
"931",0,1,0.00080526152439418
"932",0,1,0.00185900922771544
"933",0,1,0.0035179370967671
"934",0,1,0.00210409535933286
"935",0,1,0.00168849448487163
"936",0,1,0.00251842349581419
"937",0,1,0.000740295258350697
"938",0,1,0.00315913736447689
"939",0,1,0.00242713678535073
"940",0,1,0.00391721393447365
"941",0,1,0.00237304982263594
"942",0,1,0.000809251372702445
"943",0,1,0.00233485646918415
"944",0,1,0.00345060847233978
"945",0,1,0.00105303252767774
"946",0,1,0.00284830027539281
"947",0,1,0.00307134036999194
"948",0,1,0.00142089003138245
"949",0,1,0.00359174369275567
"950",0,1,0.00337949428986755
"951",0,1,0.00162896015308798
"952",0,1,0.00311882030498234
"953",0,1,0.000575927388854355
"954",0,1,0.000715640847571222
"955",0,1,0.00143098493851723
"956",0,1,0.00163171489536763
"957",0,1,0.00290482985880224
"958",0,1,0.00278478540480135
"959",0,1,0.00311206345912067
"960",0,1,0.00246168777998536
"961",0,1,0.00220239098276943
"962",0,1,0.000840647508390273
"963",0,1,0.00194686481170356
"964",0,1,0.00318535058572886
"965",0,1,0.00376186798606064
"966",0,1,0.00125839874520899
"967",0,1,0.000301272003911472
"968",0,1,0.00177690761815757
"969",0,1,0.00161453073006124
"970",0,1,0.00161548308376224
"971",0,1,0.00252190041076391
"972",0,1,0.00394659896939989
"973",0,1,0.00146590696834029
"974",0,1,0.000618582409806579
"975",0,1,0.00237688526604324
"976",0,1,0.00188773158844561
"977",0,1,0.000827838283032204
"978",0,1,0.000789976486936237
"979",0,1,0.00373323185462501
"980",0,1,0.00294218471273778
"981",0,1,0.00328274267539379
"982",0,1,0.000961977029219292
"983",0,1,0.0012015599012375
"984",0,1,0.00120686486084016
"985",0,1,0.0013483652630821
"986",0,1,0.00171762346662582
"987",0,1,0.00334910390619186
"988",0,1,0.000423285985365544
"989",0,1,0.00233760916627943
"990",0,1,0.00309604410640893
"991",0,1,0.00393752729892727
"992",0,1,0.00115169062372299
"993",0,1,0.00253572455234824
"994",0,1,0.000599387100897759
"995",0,1,0.000203807467594781
"996",0,1,0.00183066898677498
"997",0,1,0.0031160510452464
"998",0,1,0.000483298988081547
"999",0,1,0.00106028510071339
"1000",0,1,0.000839530154131378
"1001",0,1,0.00276992065086959
"1002",0,1,0.000816335586830999
"1003",0,1,0.00319614090304819
"1004",0,1,0.00095971061754974
"1005",0,1,0.00340244979690757
"1006",0,1,0.00202407019771635
"1007",0,1,0.00155702843051405
"1008",0,1,0.00133462996967138
"1009",0,1,0.00255481897760181
"1010",0,1,0.00190043251775205
"1011",0,1,0.00251193363498895
"1012",0,1,0.00173461763653905
"1013",0,1,0.000150274856016079
"1014",0,1,0.00260485281329601
"1015",0,1,0.000703739232383696
"1016",0,1,0.000473506474867495
"1017",0,1,0.00231094226520508
"1018",0,1,0.00182162400428206
"1019",0,1,0.00053071271814409
"1020",0,1,0.00363590122293677
"1021",0,1,0.00124546020291747
"1022",0,1,0.00291402431949971
"1023",0,1,0.00268478273879735
"1024",0,1,0.00318276273179797
"1025",0,1,0.000893018778413558
"1026",0,1,0.00256062862742691
"1027",0,1,0.00268780949432401
"1028",0,1,0.00117996463365855
"1029",0,1,0.000737919992767301
"1030",0,1,0.00249778490327298
"1031",0,1,0.00178337956406177
"1032",0,1,0.00317150579392908
"1033",0,1,0.0012725364174694
"1034",0,1,0.00321859561651943
"1035",0,1,2.54072248939956e-06
"1036",0,1,0.0031642917981371
"1037",0,1,0.0012127711614594
"1038",0,1,0.00119373221881689
"1039",0,1,0.00300074804946778
"1040",0,1,0.000539026814512939
"1041",0,1,0.000591159880161315
"1042",0,1,0.00145440153684468
"1043",0,0,0.00268802461866288
"1044",0,0,0.00329268898628649
"1045",0,0,0.00123992640525104
"1046",0,0,0.00346576745994386
"1047",0,0,0.00312342718429861
"1048",0,0,0.00273707558028398
"1049",0,0,0.00315731621067969
"1050",0,0,0.000877064875327075
"1051",0,0,0.00343560314178464
"1052",0,0,0.00344570871815082
"1053",0,0,0.00194572104420513
"1054",0,0,0.00268197723478077
"1055",0,1,0.00237179017532616
"1056",0,1,0.00322501340042797
"1057",0,1,0.00080205249600115
"1058",0,1,0.00160905360057951
"1059",0,1,0.000826029278337981
"1060",0,1,0.000940994030796014
"1061",0,1,0.00380889724008735
"1062",0,1,0.00306458046846089
"1063",0,1,0.00055308971554044
"1064",0,1,0.00130246473290028
"1065",0,1,0.0015405824230984
"1066",0,1,0.00315078448038546
"1067",0,1,0.00173898823559285
"1068",0,1,0.00322211213689295
"1069",0,1,0.00302083676494656
"1070",0,1,0.00385721254069354
"1071",0,1,0.00249137800093739
"1072",0,1,0.00126821049768479
"1073",0,1,0.00251453791558741
"1074",0,1,0.00338140705972907
"1075",0,1,0.00334572432190177
"1076",0,1,0.0039929071469232
"1077",0,1,0.00372662362176921
"1078",0,1,0.00281605846993623
"1079",0,1,0.00229807108826935
"1080",0,1,0.00231994976010173
"1081",0,1,0.00161880418192596
"1082",0,1,0.00107234207633885
"1083",0,1,0.00148194155376406
"1084",0,1,0.000792489105835583
"1085",0,1,0.00266491966973989
"1086",0,1,0.0011940038027242
"1087",0,1,0.000401788637973402
"1088",0,1,0.00375168136879798
"1089",0,1,0.00260232952609657
"1090",0,1,0.00307881140802053
"1091",0,1,0.000130860534496645
"1092",0,0,0.00378496407438066
"1093",0,0,0.00341139220073816
"1094",0,0,0.00216869761236012
"1095",0,1,0.00175520589668304
"1096",0,0,0.00266516418568789
"1097",0,0,0.00289194834884254
"1098",0,0,0.00339298798609522
"1099",0,0,0.00371592185366895
"1100",0,0,0.00281896469742058
"1101",0,0,0.00068797311093661
"1102",0,0,0.00104665893316271
"1103",0,0,0.000235435607843138
"1104",0,0,0.00128252265043558
"1105",0,0,0.00191421144828201
"1106",0,0,0.00156792151741684
"1107",0,0,0.00015418520849202
"1108",0,0,0.000600580698810547
"1109",0,0,0.000243898834101893
"1110",0,0,0.00226352014858275
"1111",0,0,0.00236808378435671
"1112",0,0,0.00185376708861441
"1113",0,0,0.00145413979422302
"1114",0,0,0.00279744974337517
"1115",0,0,0.000225675717927553
"1116",0,0,0.00052071670535955
"1117",0,0,0.003996994103305
"1118",0,0,0.00125167965795846
"1119",0,0,0.00205662512686103
"1120",0,0,0.00208671690244227
"1121",0,0,0.0030215325867757
"1122",0,0,0.000847886326722825
"1123",0,0,0.00313558526523409
"1124",0,0,0.000284400117583609
"1125",0,0,0.00372132431529459
"1126",0,0,0.00232641003001481
"1127",0,1,0.000445929517969522
"1128",0,1,0.00384504034649577
"1129",0,1,0.00268357742391525
"1130",0,1,0.00277530348300932
"1131",0,0,0.00193829685356468
"1132",0,0,0.00077059775497767
"1133",0,0,0.00392948822304602
"1134",0,0,0.0015163679663092
"1135",0,0,0.000551091944798858
"1136",0,0,0.000961386388167761
"1137",0,0,0.0030732212597504
"1138",0,0,0.00219390977267176
"1139",0,0,0.00129920383449645
"1140",0,0,0.00348255607392636
"1141",0,0,0.000884743815287971
"1142",0,0,0.00293670530058442
"1143",0,0,0.000457390137016806
"1144",0,0,0.000668831708841054
"1145",0,0,0.00246572558954357
"1146",0,0,0.00247284670639782
"1147",0,0,0.00376442415546622
"1148",0,0,0.00199509026482701
"1149",0,0,0.000621061854995816
"1150",0,0,3.6287041381043e-05
"1151",0,0,0.00294040657673029
"1152",0,0,0.000392209040932392
"1153",0,0,0.00356162645667788
"1154",0,0,0.00150886516366155
"1155",0,0,0.000335282096639311
"1156",0,0,0.00135555785801263
"1157",0,0,0.00289479472115634
"1158",0,0,4.42974241450845e-05
"1159",0,0,0.000126846832223276
"1160",0,0,0.00324478971865025
"1161",0,0,0.000282018034718967
"1162",1,0,0.00177582207135857
"1163",1,0,0.00176864535920322
"1164",1,0,0.00264716058969496
"1165",1,0,0.00218673305213451
"1166",1,0,0.00140927994903178
"1167",1,0,0.00311141266673801
"1168",1,0,0.00110976053960623
"1169",1,0,0.00245290075149386
"1170",1,0,0.00302521855104712
"1171",1,0,0.00146142970770599
"1172",1,0,0.00269393845833836
"1173",1,0,0.00351259475667026
"1174",1,0,0.0011524179633707
"1175",1,0,0.00254306740406899
"1176",1,0,0.000779063404537763
"1177",1,0,0.00100031450949611
"1178",1,0,0.00319023734983054
"1179",1,0,0.00396573394536968
"1180",1,0,0.00157936891913415
"1181",1,0,0.0022077495297417
"1182",1,0,0.00355205269530412
"1183",1,0,0.00179442300181836
"1184",1,0,0.000743911757133928
"1185",1,0,0.00235265000723302
"1186",1,0,0.00390234750974919
"1187",1,0,0.00135278557427229
"1188",1,0,0.00381239926721897
"1189",1,0,0.00307307452615348
"1190",1,0,0.00364990888070312
"1191",1,0,0.0015247849514708
"1192",1,0,0.00211788794863969
"1193",1,0,0.00191022626589984
"1194",1,0,0.0039333249898627
"1195",1,0,0.0037141595734283
"1196",1,0,0.00357956106029448
"1197",1,0,0.000116105122491757
"1198",1,0,0.00244567669834941
"1199",1,0,0.00146253719087691
"1200",1,0,0.00060817570053044
"1201",1,0,0.00091421364527198
"1202",1,0,0.00196649220492691
"1203",1,0,0.00274804184585808
"1204",1,0,0.00350496862735596
"1205",1,0,0.00136441381275655
"1206",1,0,0.00323218689113853
"1207",1,0,0.00135277411621065
"1208",1,0,0.00194070877600461
"1209",1,0,0.00261854198388754
"1210",1,0,0.00383786878082897
"1211",1,0,0.00300788962468503
"1212",1,0,0.00208053643535822
"1213",1,0,0.00291500117257235
"1214",1,0,0.00269969027116893
"1215",1,0,0.000353629483841395
"1216",1,0,0.000948373428545915
"1217",1,0,0.00033948930446062
"1218",1,0,0.00184749664645642
"1219",1,0,0.00232116931583732
"1220",1,0,0.00178870310913772
"1221",1,0,0.00344392555300143
"1222",1,0,0.00233208821713924
"1223",1,0,0.00275765681080519
"1224",1,0,0.000671832447871594
"1225",1,0,0.00243016348592936
"1226",1,0,0.00194502768386155
"1227",1,0,0.000788843692280378
"1228",1,0,0.000553364982828529
"1229",1,0,0.00366744551341977
"1230",1,0,0.000457232197746667
"1231",1,0,0.00185968283191324
"1232",1,0,0.000528767045587332
"1233",1,0,0.0027418048083782
"1234",1,0,0.000499590899795326
"1235",1,0,0.00110760052595289
"1236",1,0,0.000659167970530717
"1237",1,0,0.00279678216669707
"1238",1,0,0.001207173245959
"1239",1,0,0.00157763409335167
"1240",1,0,0.00223636102583259
"1241",1,0,0.000195554149337151
"1242",1,0,0.00208099417295307
"1243",1,0,0.00246358917374163
"1244",1,0,0.00104198783449831
"1245",1,0,0.000113283842802088
"1246",1,0,0.00151178352534772
"1247",1,0,0.00299905870109794
"1248",1,0,0.00322690675407645
"1249",1,0,0.00214005178119987
"1250",1,0,0.00282673908211289
"1251",1,0,0.00251818662602453
"1252",1,0,0.00036419256497178
"1253",1,0,0.0038293333528563
"1254",1,0,0.00287703790795056
"1255",1,0,0.000224703883752265
"1256",1,0,0.00362809508852657
"1257",1,0,0.00234479650575667
"1258",1,0,0.00285866456199436
"1259",1,0,0.000611990229226678
"1260",1,0,0.00218301083520054
"1261",1,0,0.00279202635679392
"1262",1,0,1.31623698398893e-05
"1263",1,0,0.00289552791789172
"1264",1,0,0.00162392755132169
"1265",1,0,0.000372529068961774
"1266",1,0,0.00369489259179678
"1267",1,0,0.00310538857337085
"1268",1,0,0.000644585848785966
"1269",1,0,0.00292183839436619
"1270",1,0,0.000682160015217988
"1271",1,0,0.00198399970307946
"1272",1,0,0.000804861465469028
"1273",1,0,0.00199592899437994
"1274",1,0,0.000511886632069977
"1275",1,0,0.000264115084894039
"1276",1,0,0.00273080104123799
"1277",1,0,0.00112609382346274
"1278",1,0,0.00157204091362656
"1279",1,0,0.00214670967683196
"1280",1,0,0.00374609756655987
"1281",1,0,0.00229318506456911
"1282",1,0,0.00198922125250101
"1283",1,0,0.000694664175622193
"1284",1,0,0.00142271873168649
"1285",1,0,0.00210839357413351
"1286",1,0,1.65521902963941e-05
"1287",1,0,4.62394393984733e-06
"1288",1,0,0.00192051922343671
"1289",1,0,0.00118327472731473
"1290",1,0,0.000462759312242302
"1291",1,0,0.000989969801157734
"1292",1,0,0.00278047880250959
"1293",1,0,0.000318312322720921
"1294",1,0,0.00257462862972169
"1295",1,0,0.00038472696486864
"1296",1,0,0.00140438964776696
"1297",1,0,1.8567968159956e-05
"1298",1,0,0.000875902175903344
"1299",1,0,0.00381652324181046
"1300",1,1,0.00230120607372373
"1301",1,1,0.00380942269787189
"1302",1,1,0.00153392213955523
"1303",1,1,0.00275678532384334
"1304",1,1,0.00215039475262165
"1305",1,1,0.00279464290756731
"1306",1,1,0.00167300562560559
"1307",1,1,0.00313139078579841
"1308",1,1,0.00201257364917546
"1309",1,1,0.0005475952709094
"1310",1,1,0.00292657429631797
"1311",1,1,0.00280012935400007
"1312",1,1,0.00339732642751184
"1313",1,1,0.00393087564501907
"1314",1,1,0.00056822306290272
"1315",1,1,0.000880895070731664
"1316",1,0,0.000944683117792033
"1317",1,0,0.00220150827243924
"1318",1,0,0.00169769796077163
"1319",1,0,0.00181870577111841
"1320",1,0,0.00118613906484099
"1321",1,0,0.00327177300304172
"1322",1,0,0.000549483389593692
"1323",1,0,0.00279515982884912
"1324",1,0,0.00326077526062724
"1325",1,0,0.000609070772305161
"1326",1,0,0.00208219807315618
"1327",1,0,0.00202084192167968
"1328",1,0,0.000805848929099764
"1329",1,0,0.0012400411879644
"1330",1,0,0.00348952016327527
"1331",1,0,0.0021363008422777
"1332",1,0,0.000255474146455563
"1333",1,0,0.00226502018142491
"1334",1,0,0.000750251941382912
"1335",1,0,0.00298600919265298
"1336",1,0,0.00240051856637
"1337",1,0,0.000832312211394335
"1338",1,0,0.00300536648929117
"1339",1,0,0.000729488949291435
"1340",1,0,0.00247815523855387
"1341",1,0,0.00234126239921897
"1342",1,0,0.0011390909496695
"1343",1,0,0.000351250627078151
"1344",1,0,0.00257811618689446
"1345",1,0,0.00111063849460335
"1346",1,0,0.00180278871115298
"1347",1,0,0.000869970135390783
"1348",1,0,0.00110925994906576
"1349",1,1,0.00198188588581979
"1350",1,1,0.00106286471150817
"1351",1,1,0.00288430082611738
"1352",1,1,0.00265232923068105
"1353",1,1,0.000827497596852506
"1354",1,1,0.003150157995522
"1355",1,1,0.00291994314454494
"1356",1,1,0.000663578925654321
"1357",1,1,0.00231335908174514
"1358",1,1,0.00164355886820705
"1359",1,0,0.00249293919187038
"1360",1,0,0.000295335553586519
"1361",1,0,0.0004694480383769
"1362",1,0,0.00280224961880593
"1363",1,0,0.00175289702042938
"1364",1,0,0.000221856674179473
"1365",1,0,0.000792527010664369
"1366",1,0,0.00144985907990487
"1367",1,0,0.000979230865836165
"1368",1,0,0.00363383173383769
"1369",1,0,0.00199938708264381
"1370",1,1,0.00170155740901828
"1371",1,1,0.00393917083833363
"1372",1,1,0.000396117210388218
"1373",1,1,0.00281297184526919
"1374",1,1,0.00274406353384255
"1375",1,1,0.00250053818617015
"1376",1,1,0.000334797431714868
"1377",1,1,0.00221424422971904
"1378",1,1,0.00317472273018209
"1379",1,1,9.86195104197072e-05
"1380",1,1,0.000123035758733789
"1381",1,1,0.00214047471806407
"1382",1,1,0.000458319626748595
"1383",1,1,0.00146296425350012
"1384",1,1,0.00179347986262292
"1385",1,1,0.00227275201305746
"1386",1,1,0.00206385628134012
"1387",1,1,0.00395725391525771
"1388",1,1,0.000161029699258545
"1389",1,1,0.00371471504587676
"1390",1,1,0.0035947188492864
"1391",1,1,0.00294664404820649
"1392",1,1,0.00100458162557336
"1393",1,1,0.000501158620230886
"1394",1,1,0.000226195347495415
"1395",1,1,0.00308133233711121
"1396",1,1,0.000706960042007295
"1397",1,1,0.00265001986641435
"1398",1,1,0.0035111877005547
"1399",1,1,0.00346964357793328
"1400",1,1,0.00317858953028915
"1401",1,1,0.00182699459977448
"1402",1,1,0.00102132349275055
"1403",1,1,0.00355457564257082
"1404",1,1,0.0024413610221818
"1405",1,1,0.000975695007480703
"1406",1,1,0.00216038267128169
"1407",1,1,0.00127631933148952
"1408",1,1,0.0006226309007034
"1409",1,1,4.86611565575419e-05
"1410",1,1,0.00111557971127333
"1411",1,1,0.00230974377505481
"1412",1,1,0.00246673318371176
"1413",1,1,0.000532048105262251
"1414",1,1,0.00332442383281884
"1415",1,1,0.000232274890877344
"1416",1,1,0.00247729612141847
"1417",1,1,5.92311332002695e-05
"1418",1,1,0.00133376352116467
"1419",1,1,0.00290422552265225
"1420",1,1,0.00240466980170458
"1421",1,1,0.00381160065811124
"1422",1,1,0.0013732512202114
"1423",1,1,0.0038460919084027
"1424",1,1,0.00124218958802523
"1425",1,1,0.00246896175295114
"1426",1,1,0.00128123824298383
"1427",1,1,0.00266538376267998
"1428",1,1,0.000352585953660344
"1429",1,0,0.000401999872177873
"1430",1,0,0.00148364773578943
"1431",1,0,0.00239472127612679
"1432",1,0,0.000507070518098803
"1433",1,0,0.0021158052124083
"1434",1,0,0.00390525521803643
"1435",1,0,0.00301558537967501
"1436",1,0,6.1663209460717e-05
"1437",1,0,0.00175585496425629
"1438",1,0,0.00205457676202059
"1439",1,0,0.0038090688064694
"1440",1,0,0.00371111634094264
"1441",1,0,0.00319739000126717
"1442",1,0,0.00138716201670469
"1443",1,1,0.00271491999272256
"1444",1,1,0.00370458944141861
"1445",1,1,0.000655051318928628
"1446",1,1,0.000282984947785772
"1447",1,1,0.000181483510881701
"1448",1,0,0.000652128428220777
"1449",1,0,0.000877979231998348
"1450",1,0,0.000321514849551058
"1451",1,0,0.0039596775071695
"1452",1,0,1.53383752331559e-05
"1453",1,0,0.00334943528566507
"1454",1,0,0.00164275447744877
"1455",1,0,0.00324303476046768
"1456",1,0,0.00155713312700392
"1457",1,0,0.0012345244549215
"1458",1,0,0.00135605892632158
"1459",1,0,0.00392797636147584
"1460",1,1,0.00258565447945147
"1461",1,1,0.00299830469582228
"1462",1,1,0.00233689609915017
"1463",1,1,0.00247608800511806
"1464",1,1,0.00118185874260964
"1465",1,1,0.00262595596630125
"1466",1,1,0.00130706190038474
"1467",1,1,0.00393871172703798
"1468",1,1,0.000959021232090912
"1469",1,1,0.00384030738752331
"1470",1,1,0.00334662929270414
"1471",1,1,0.00324070032779125
"1472",1,1,0.00359310734923926
"1473",1,1,0.00363620299939063
"1474",1,0,0.00167077270057053
"1475",1,0,0.00214064373075962
"1476",1,0,0.00343069735541937
"1477",1,0,0.00262453667912631
"1478",1,0,0.00103497651964428
"1479",1,0,0.0022411760399118
"1480",1,0,0.00243196044210344
"1481",1,0,0.00184777554869652
"1482",1,0,0.00144914011564107
"1483",1,0,0.00390323460754003
"1484",1,0,0.00144369252305479
"1485",1,0,0.00301183624286202
"1486",1,0,0.00213849469739943
"1487",1,0,0.00316292986925689
"1488",1,0,7.70848374814204e-05
"1489",1,0,0.000353011680766975
"1490",1,0,0.000928355361335002
"1491",1,1,0.00197360202856362
"1492",1,1,0.003800367468968
"1493",1,1,0.00220378532540053
"1494",1,1,0.00334795443806794
"1495",1,1,0.000598499596118957
"1496",1,1,0.00269356642104684
"1497",1,1,0.00265927249472587
"1498",1,1,0.000291797637939489
"1499",1,1,0.00214117686077952
"1500",1,1,0.00117750201374294
"1501",1,1,0.00279246046580373
"1502",1,1,0.00143350354954602
"1503",1,1,0.00262582523748277
"1504",1,1,0.00218088954128325
"1505",1,1,0.00147226805891843
"1506",1,1,0.00128729309793563
"1507",1,1,0.00345212143845853
"1508",1,1,0.00227788178715854
"1509",1,0,0.000141250214539508
"1510",1,0,0.00319494570046661
"1511",1,0,9.20765735209395e-05
"1512",1,0,0.00151671800203622
"1513",1,0,0.000340927272103762
"1514",1,0,0.00169951765984297
"1515",1,0,0.00055445417482409
"1516",1,1,0.00189791609346867
"1517",1,1,0.00194522081874311
"1518",1,1,0.00252857261896132
"1519",1,1,0.000745007394813028
"1520",1,1,0.00199776471219957
"1521",1,1,0.000466810465790364
"1522",1,1,0.00185523156356067
"1523",1,1,0.00338838037941602
"1524",1,1,0.0031983435032889
"1525",1,1,0.000354410234838759
"1526",1,1,0.000369677153416013
"1527",1,1,2.62092733756126e-05
"1528",1,1,0.00353733363747593
"1529",1,1,0.00257889980450271
"1530",1,1,0.000399121833033894
"1531",1,1,0.00197370467055589
"1532",1,0,0.00191111487150192
"1533",1,0,0.00274450284522025
"1534",1,0,0.000230171642266251
"1535",1,0,0.00109846396651121
"1536",1,0,0.000446894917637143
"1537",1,0,0.00197896456811577
"1538",1,0,0.000997626119293294
"1539",1,0,0.00023666017130021
"1540",1,0,0.00198710189666599
"1541",1,0,0.000389401230961119
"1542",1,0,0.000540844995528491
"1543",1,0,0.00215941638313234
"1544",1,0,0.00149232927802951
"1545",1,0,0.000773144730366793
"1546",1,0,9.80871478096054e-05
"1547",1,0,0.000731849303469089
"1548",1,0,0.00271335701178758
"1549",1,0,0.000217450085096099
"1550",1,0,0.00246008670236914
"1551",1,0,0.00199524653889239
"1552",1,0,0.00106595341302456
"1553",1,0,0.000806339264847364
"1554",1,0,0.00332985606789586
"1555",1,0,0.000639397263526945
"1556",1,0,0.00128981178067626
"1557",1,0,0.00119237767904999
"1558",1,0,0.00268170546833424
"1559",1,0,0.00359095213189718
"1560",1,0,0.00355912153515961
"1561",1,0,0.00274190940428524
"1562",1,0,0.00184194864612073
"1563",1,0,0.000197947312146464
"1564",1,0,0.00033739086054269
"1565",1,0,0.00016294637788091
"1566",1,0,0.00299828380253164
"1567",1,0,0.0020036667957902
"1568",1,0,0.00318057663086799
"1569",1,0,0.000571611993014843
"1570",1,0,0.00226222271379083
"1571",1,0,0.00377666456997391
"1572",1,0,0.000266627305187322
"1573",1,0,0.0031010877760127
"1574",1,0,0.00220304976310581
"1575",1,1,0.00216638658288866
"1576",1,1,0.00368709968868639
"1577",1,1,0.00292490307334809
"1578",1,1,0.00339895085617897
"1579",1,1,0.00191876921989024
"1580",1,1,0.000440954575315151
"1581",1,1,0.00303063007909802
"1582",1,1,0.00169195923395456
"1583",1,1,0.00122786647733303
"1584",1,1,0.00361023215949532
"1585",1,1,0.00346926395315674
"1586",1,1,0.000975794100202642
"1587",1,1,0.000155599940568248
"1588",1,1,0.00143457224871964
"1589",1,1,0.00306688831467179
"1590",1,1,0.00293214466702191
"1591",1,1,0.00198410327546299
"1592",1,1,0.00245045968051999
"1593",1,1,0.000466400571167502
"1594",1,1,0.00112971015367659
"1595",1,1,0.000959158406592928
"1596",1,1,0.00347359557636079
"1597",1,1,0.00102474306896331
"1598",1,1,0.000217126679606774
"1599",1,1,0.00386362464539703
"1600",1,1,0.00344053673464802
"1601",1,1,0.00379580221418288
"1602",1,0,0.00389932644553479
"1603",1,0,0.0039179635783657
"1604",1,0,0.00181141624320299
"1605",1,0,0.00394796654675152
"1606",1,0,0.00277360864914952
"1607",1,0,0.00247052221838384
"1608",1,0,0.000105318922549526
"1609",1,0,0.00281569964531807
"1610",1,0,0.0012607571789995
"1611",1,0,0.00044110312405977
"1612",1,0,0.00115895557776095
"1613",1,0,0.00137973539251835
"1614",1,0,0.00160020587500186
"1615",1,0,0.00253045429382472
"1616",1,0,0.000688659331761328
"1617",1,0,0.003197639782913
"1618",1,0,0.00165685524884612
"1619",1,1,0.00270607183221726
"1620",1,1,0.000356292708776926
"1621",1,1,0.000731478700414327
"1622",1,1,0.00355105100385841
"1623",1,1,0.00342943200841543
"1624",1,1,0.00370571404881772
"1625",1,1,0.00210412057489157
"1626",1,1,0.0019025811124593
"1627",1,1,0.00115084512904288
"1628",1,1,0.000442118039354715
"1629",1,1,0.00161316639371217
"1630",1,1,0.00222613815404474
"1631",1,1,0.00382972604036327
"1632",1,1,0.00253909147344528
"1633",1,1,0.00295808417722581
"1634",1,1,0.00324508284311739
"1635",1,1,0.00397528102435167
"1636",1,1,0.00209767502173781
"1637",1,1,0.000566535387188227
"1638",1,1,0.00351249111723152
"1639",1,1,0.00171743686962873
"1640",1,1,8.28679744158426e-06
"1641",1,1,0.00381563106644895
"1642",1,1,0.0029747815467417
"1643",1,1,0.00091770937945696
"1644",1,1,0.000178634916432241
"1645",1,1,0.000713117586448816
"1646",1,1,0.000749418488703695
"1647",1,1,0.00396161871775981
"1648",1,1,0.00235010760091244
"1649",1,1,0.000758487652055946
"1650",1,1,0.00287086535617707
"1651",1,1,0.00110300142969938
"1652",1,1,0.00164136747922749
"1653",1,1,0.00135169745888562
"1654",1,1,0.00337981550395486
"1655",1,1,0.000135578696616034
"1656",1,1,0.00318597998376933
"1657",1,1,0.0015130641758442
"1658",1,1,0.00197827278450131
"1659",1,1,0.00103567658271643
"1660",1,1,0.00131420954782517
"1661",1,1,0.00128457969985904
"1662",1,1,0.000195805497467556
"1663",1,1,0.0030061632953584
"1664",1,1,0.00172055781167001
"1665",1,1,0.00259532682318239
"1666",1,1,0.00187720448896289
"1667",1,1,0.00373233619239178
"1668",1,1,0.00329309665691105
"1669",1,1,2.64109959826294e-05
"1670",1,1,0.00209107312653214
"1671",1,1,0.00161967655736954
"1672",1,1,0.00385986952204253
"1673",1,1,0.000793232208117868
"1674",1,1,0.00010918674711142
"1675",1,1,0.00276316542644052
"1676",1,1,0.00246292698103934
"1677",1,1,0.00271088544093071
"1678",1,1,0.00364806498028334
"1679",1,1,0.0034244645182043
"1680",1,1,0.000312669599428809
"1681",1,1,0.0028613435635343
"1682",1,1,0.00167540606856347
"1683",1,1,0.00322188374307004
"1684",1,1,0.00282062052376567
"1685",1,1,0.00240806922223418
"1686",1,1,0.000887643579393649
"1687",1,1,0.00052025033440444
"1688",1,1,0.00142858173977585
"1689",1,1,0.00270600402727722
"1690",1,1,0.00325879499409345
"1691",1,1,0.000663882257416873
"1692",1,1,0.00316037474572656
"1693",1,1,0.000931807116605364
"1694",1,1,0.00184027673583478
"1695",1,1,3.57533432547531e-06
"1696",1,1,0.00310922187659887
"1697",1,1,0.00145978675037624
"1698",1,1,0.000655403141863673
"1699",1,1,0.00186919560097158
"1700",1,1,0.00136424034833909
"1701",1,1,0.00353765550069508
"1702",1,1,0.000781092260964241
"1703",1,1,0.000875237174332166
"1704",1,1,0.000331042903475499
"1705",1,1,0.00103698126971724
"1706",1,1,0.002385845948942
"1707",1,1,0.0024969513947144
"1708",1,1,0.00351791005954143
"1709",1,1,0.00336404607444999
"1710",1,1,0.000703582065179972
"1711",1,1,0.00367971998360004
"1712",1,1,0.00177070817630739
"1713",1,1,0.00358610258530822
"1714",1,1,0.00195139209832996
"1715",1,1,0.000242483579553701
"1716",1,1,0.000925299789756559
"1717",1,1,0.000195778056979218
"1718",1,1,0.00142006135359408
"1719",1,1,0.00158887253422291
"1720",1,1,0.00184813186526299
"1721",1,1,0.00232000149786472
"1722",1,1,0.00272210195567457
"1723",1,1,0.00118919445294889
"1724",1,1,0.00195866918470711
"1725",1,1,0.00227488701138645
"1726",1,1,0.00106782074365767
"1727",1,1,0.00337872571032491
"1728",1,1,0.000687403931282489
"1729",1,1,0.000587945728562802
"1730",1,1,0.000793584672734167
"1731",1,1,0.000564517639577419
"1732",1,1,0.00256929017323999
"1733",1,1,0.00384897251334037
"1734",1,1,0.00187825004104525
"1735",1,1,0.00213864588271826
"1736",1,1,0.00381841517519202
"1737",1,1,0.00115505382325502
"1738",1,1,0.00334769636578855
"1739",1,1,0.00375373919960108
"1740",1,1,0.0016745066009462
"1741",1,1,0.00239532778225838
"1742",1,1,0.000430312429554794
"1743",1,1,0.000746584661304977
"1744",1,1,0.00153484567347915
"1745",1,1,0.00364281104877588
"1746",1,1,0.000442449917085502
"1747",1,1,0.0017729834150523
"1748",1,1,0.00315380459558216
"1749",1,1,0.00396529342420395
"1750",1,1,0.000142652143724302
"1751",1,1,0.00204323247168213
"1752",1,1,0.00336517274845389
"1753",1,1,0.00155000412557275
"1754",1,1,0.00249454014468937
"1755",1,1,0.000492390078492495
"1756",1,1,0.00370954398531463
"1757",1,1,0.000305101389996744
"1758",1,1,0.00308769647497681
"1759",1,1,0.00202327945735305
"1760",1,1,0.00233665383607148
"1761",1,1,0.00147584334388376
"1762",1,1,0.00204854359198362
"1763",1,1,0.000143650826998095
"1764",1,1,1.4971923083109e-05
"1765",1,1,0.00247329749073832
"1766",1,1,0.00324435993377117
"1767",1,1,0.000324580919928884
"1768",1,1,0.000334128897637164
"1769",1,1,0.0005107451565564
"1770",1,1,0.000318095419555938
"1771",1,1,0.00294633479602633
"1772",1,1,0.00093494784832003
"1773",1,1,0.00257987510133533
"1774",1,1,0.00290902132261543
"1775",1,1,0.0022064274745062
"1776",1,1,0.00315030929911879
"1777",1,1,0.000964356614276789
"1778",1,1,0.00191049411520362
"1779",1,1,0.000594794726930589
"1780",1,1,0.00380699053872373
"1781",1,1,0.00151326720044018
"1782",1,1,0.00387823441810902
"1783",1,1,0.00205984483100474
"1784",1,1,0.00209003847464919
"1785",1,1,0.00332874253485349
"1786",1,1,0.00207925422955304
"1787",1,1,0.00265204921364783
"1788",1,1,0.00169862455967814
"1789",1,1,0.000642411977052717
"1790",1,1,0.00336229717452076
"1791",1,1,0.000966854425147198
"1792",1,1,0.00196193319093436
"1793",1,1,0.00356156263034787
"1794",1,1,0.000245878045447208
"1795",1,1,0.000524562878534229
"1796",1,1,0.00257352059893309
"1797",1,1,0.000796532415784921
"1798",1,1,0.0033105738693848
"1799",1,1,0.00210177320800721
"1800",1,1,0.00177711158059538
"1801",1,1,0.00211355398409068
"1802",1,1,0.00197701822966337
"1803",1,1,0.00108546782564374
"1804",1,1,0.0028221980826929
"1805",1,1,0.000478507012128862
"1806",1,1,0.000583352237008542
"1807",1,1,0.00260674542654304
"1808",1,1,0.00178753102663905
"1809",1,1,6.41836272553022e-05
"1810",1,1,0.00271144829224794
"1811",1,1,0.000583582256920666
"1812",1,1,0.00257619515806435
"1813",1,1,0.000487412875518235
"1814",1,1,0.00307471162639556
"1815",1,1,0.00315372499544171
"1816",1,1,0.00296331012342123
"1817",1,1,0.00293886979296801
"1818",1,1,0.00286502343043683
"1819",1,1,0.00257261014916002
"1820",1,1,0.00248901644162833
"1821",1,1,0.000950752833858155
"1822",1,1,0.00307836409006265
"1823",1,1,0.0020193103402853
"1824",1,1,0.00135204984247686
"1825",1,1,0.00285970551520584
"1826",1,1,0.00100482386630031
"1827",1,1,0.00128802879806609
"1828",1,1,0.00300461418461052
"1829",1,1,0.00215735006611794
"1830",1,1,0.00218927765265107
"1831",1,1,0.00292054340988396
"1832",1,1,0.000157807284034828
"1833",1,1,0.00133164518885316
"1834",1,1,0.000176315488293806
"1835",1,1,0.00365320617798712
"1836",1,1,0.00176680810935796
"1837",1,1,0.00293390499707309
"1838",1,1,9.37985815108228e-05
"1839",1,1,0.00379120499826964
"1840",1,1,0.00151333453692497
"1841",1,1,0.000390622501261567
"1842",1,1,0.00178191784117371
"1843",1,1,0.00305803781375287
"1844",1,1,0.0015388907743618
"1845",1,1,0.0027062997361645
"1846",1,1,0.000675587022677092
"1847",1,1,0.00258145828265696
"1848",1,1,0.00125535259116443
"1849",1,1,0.003642587008886
"1850",1,1,0.000345757928676938
"1851",1,1,0.00396901145484294
"1852",1,1,0.00161748462636025
"1853",1,1,0.000939384683035337
"1854",1,1,0.0027346710693091
"1855",1,1,0.0037984881456941
"1856",1,1,0.00299172783363608
"1857",1,1,0.00210107566602528
"1858",1,1,4.59824930876909e-05
"1859",1,1,0.000658915881067543
"1860",1,1,0.00138162297476084
"1861",1,1,0.00224082044698297
"1862",1,1,0.0010320734176785
"1863",1,1,0.00219819375500083
"1864",1,1,0.00374382716789838
"1865",1,1,0.00212222075276077
"1866",1,1,0.00255950292851775
"1867",1,1,0.00149165569152684
"1868",1,1,0.000103346249088685
"1869",1,1,0.00169055496156216
"1870",1,1,0.00288114825077353
"1871",1,1,0.00144555519800634
"1872",1,1,0.00196223711129278
"1873",1,1,1.56920207664791e-05
"1874",1,1,0.00218586446810513
"1875",1,1,0.00339965707249936
"1876",1,1,0.00210061318334192
"1877",1,1,0.00378548531420525
"1878",1,1,0.00136620903667064
"1879",1,1,0.000636905913241237
"1880",1,1,0.0030414140615612
"1881",1,1,0.00195438102073968
"1882",1,1,0.00132642983831467
"1883",1,1,0.00357033728249368
"1884",1,1,0.000195502410642841
"1885",1,1,0.00390861671883609
"1886",1,1,0.00128044116590174
"1887",1,1,0.00131133389100434
"1888",1,1,0.00121190126053991
"1889",1,1,0.000579042982310087
"1890",1,1,0.00240639933943748
"1891",1,1,0.00154762539826334
"1892",1,1,0.000411848917603526
"1893",1,1,0.00103720226511361
"1894",1,1,0.00053573831729594
"1895",1,1,0.00176483412273229
"1896",1,1,0.00313198286574331
"1897",1,1,0.00328578568715599
"1898",1,1,0.00286684454884378
"1899",1,1,0.000612336074933439
"1900",1,1,0.000871267481707061
"1901",1,1,0.00165215345192701
"1902",1,1,0.00376509179826822
"1903",1,1,0.00383796651381995
"1904",1,1,0.00391206702031191
"1905",1,1,0.00114940464776011
"1906",1,1,0.00221755637321621
"1907",1,1,0.00136271800100805
"1908",1,0,0.00116274441219868
"1909",1,0,0.00124375685025008
"1910",1,0,0.00283114367909728
"1911",1,0,0.000764690407551851
"1912",1,0,0.00123735429812224
"1913",1,0,0.00270946347992866
"1914",1,0,0.00236293503455817
"1915",1,0,0.00367310305405405
"1916",1,0,0.00324456041865048
"1917",1,0,0.00230207898840308
"1918",1,0,0.00024791457224641
"1919",1,0,0.0035667635304853
"1920",1,0,0.0017901064530015
"1921",1,0,0.00207371205743402
"1922",1,0,0.000825557568110551
"1923",1,0,0.00334671156853435
"1924",1,0,0.00311567198112605
"1925",1,0,0.00247677009459584
"1926",1,0,0.00177599925827235
"1927",1,0,0.000946531693451129
"1928",1,1,0.00329304000083354
"1929",1,1,0.00143573083728553
"1930",1,1,0.00129898226074876
"1931",1,1,0.00197959261294454
"1932",1,1,0.00387551736831661
"1933",1,1,0.00334490533825007
"1934",1,1,0.000895994984544837
"1935",1,1,0.0032191277677193
"1936",1,1,0.00286948658619074
"1937",1,1,0.00165381885040552
"1938",1,1,0.00169075615238399
"1939",1,1,0.000680189316161005
"1940",1,1,0.0038969058366492
"1941",1,1,0.00288488121144472
"1942",1,1,0.00164285672269762
"1943",1,1,0.00356180250179019
"1944",1,1,0.00262889832071959
"1945",1,1,0.00226117921248078
"1946",1,1,0.00270891101285814
"1947",1,1,0.000109416241757612
"1948",1,1,0.000383564128540491
"1949",1,1,0.00257987926062195
"1950",1,1,0.00368615912459787
"1951",1,1,0.00174900820106268
"1952",1,1,2.47930958867494e-05
"1953",1,1,0.00267612135969101
"1954",1,1,0.0010770939551294
"1955",1,1,0.001034023440443
"1956",1,1,0.000652612875215738
"1957",1,1,0.00021056172903631
"1958",1,1,0.00368614867888387
"1959",1,1,0.00396951149497177
"1960",1,1,0.00140280746947975
"1961",1,1,0.00219616069365292
"1962",1,1,0.00398449800536032
"1963",1,1,0.00124412037432195
"1964",1,1,0.00388706009089943
"1965",1,1,0.00210800824407488
"1966",1,1,0.00390460583008822
"1967",1,1,0.00216003517340868
"1968",1,1,0.000375825196504627
"1969",1,1,0.0007931481311098
"1970",1,1,0.00126264003757389
"1971",1,1,0.00375251375418153
"1972",1,1,0.00190634193643928
"1973",1,1,0.000196972270496228
"1974",1,1,0.000245939189568199
"1975",1,1,0.00368209418375041
"1976",1,1,0.000723340178839889
"1977",1,1,0.00136192999128254
"1978",1,1,0.000513008328154715
"1979",1,1,0.000772003315389182
"1980",1,1,0.00228830110374837
"1981",1,1,0.00269592442084102
"1982",1,1,0.0017085710791871
"1983",1,1,0.00164196560811252
"1984",1,1,0.00122322569508107
"1985",1,1,0.00308483251743016
"1986",1,1,1.57596934587186e-05
"1987",1,1,0.00318368345312772
"1988",1,1,0.000612192688509851
"1989",1,1,0.00386752300430085
"1990",1,1,0.00372007538378235
"1991",1,0,0.00273303762450813
"1992",1,0,0.00217416882235556
"1993",1,0,0.00105861897952857
"1994",1,0,0.00242254703957587
"1995",1,0,0.0024800768950954
"1996",1,0,0.00208692151028663
"1997",1,0,0.00328091111965475
"1998",1,0,0.0034996756026521
"1999",1,0,0.00358876022696492
"2000",1,0,0.00254818969033657
"2001",1,0,0.000111646887846331
"2002",1,0,0.0030667309341952
"2003",1,0,0.0025505086313933
"2004",1,0,0.00133597178105266
"2005",1,0,0.00187182747572661
"2006",1,0,0.00317444199044255
"2007",1,0,0.000574574355967373
"2008",1,0,0.00318584088422356
"2009",1,1,0.000828330442309404
"2010",1,1,0.00299967586901037
"2011",1,1,0.000569975459948212
"2012",1,1,0.0025191291021183
"2013",1,1,0.000267801823094524
"2014",1,1,0.002260905389674
"2015",1,1,0.00186939056217671
"2016",1,1,0.000324307523667848
"2017",1,1,0.00373860679380592
"2018",1,1,0.00131098581291737
"2019",1,1,0.00203752541728318
"2020",1,1,0.0017561271218583
"2021",1,1,0.00181371288653464
"2022",1,1,0.000906178836710774
"2023",1,1,0.00248191784229129
"2024",1,1,0.00106538494769486
"2025",1,1,0.00352901984564957
"2026",1,1,0.00261989278439431
"2027",1,1,0.000132068250328342
"2028",1,1,0.00389027583040293
"2029",1,1,0.00279419499076901
"2030",1,1,0.00101798046566548
"2031",1,1,0.00137167887482793
"2032",1,1,0.00254693918209522
"2033",1,1,0.00274445014260708
"2034",1,1,0.00184901012573392
"2035",1,1,0.00082507645990702
"2036",1,1,0.00168960555363447
"2037",1,1,0.0026444507325068
"2038",1,1,0.000152675762772599
"2039",1,1,0.000871970405802155
"2040",1,1,0.00341793010104445
"2041",1,1,0.00200817528460175
"2042",1,1,0.00207244065962732
"2043",1,1,0.00158715060818941
"2044",1,1,0.0023631869778037
"2045",1,1,0.00188781413529068
"2046",1,1,0.000502928907051714
"2047",1,1,0.00355233878176656
"2048",1,1,0.00336687453649935
"2049",1,1,0.00275238305237143
"2050",1,1,0.00107050190027805
"2051",1,1,0.00135059586167337
"2052",1,1,0.000346809241920745
"2053",1,1,0.000896984641440236
"2054",1,1,0.00327380694355813
"2055",1,1,0.00266675968375056
"2056",1,1,0.00120887633226814
"2057",1,1,0.00355751462839541
"2058",1,1,0.00267424182314424
"2059",1,1,0.000345379136502778
"2060",1,1,0.00263067523110657
"2061",1,1,0.00219868615176528
"2062",1,1,0.00128965995088221
"2063",1,1,0.000107466959394555
"2064",1,1,0.00209662873949855
"2065",1,1,0.00115057812351735
"2066",1,1,0.00340577787999061
"2067",1,1,0.000427930227480862
"2068",1,1,0.00117241744138302
"2069",1,1,0.00267228962667285
"2070",1,1,0.00138464177958669
"2071",1,1,0.00298206331301478
"2072",1,1,0.000561761220917136
"2073",1,1,0.00236443146318196
"2074",1,1,0.000473280404694411
"2075",1,1,0.00168092493433506
"2076",1,1,0.00152833833266051
"2077",1,1,0.00290217560622839
"2078",1,1,0.00109342176094653
"2079",1,1,0.00200783624686301
"2080",1,1,0.0025631531216204
"2081",1,1,0.00204920039977878
"2082",1,1,0.00379440091084685
"2083",1,1,0.00168203315325082
"2084",1,1,0.00246424476522951
"2085",1,1,0.00282805375009773
"2086",1,1,0.00111885780747982
"2087",1,1,0.00189607383403927
"2088",1,1,0.00133086341340096
"2089",1,1,0.00286592030245809
"2090",1,1,0.00102121747843923
"2091",1,1,0.000577888953499526
"2092",1,1,0.00348326274007556
"2093",1,1,0.000336233512498474
"2094",1,1,0.00149004403222353
"2095",1,1,0.00118823034875097
"2096",1,1,0.000803172497078802
"2097",1,1,0.00201814505737275
"2098",1,1,0.00248668180592357
"2099",1,1,0.00221683812420815
"2100",1,1,0.000964128331281267
"2101",1,1,0.00303219359088687
"2102",1,1,0.00128041908796878
"2103",1,1,0.000962444660253845
"2104",1,1,0.00310865513887254
"2105",1,1,0.0022905793134123
"2106",1,1,0.0033081821510568
"2107",1,1,0.000348863358609413
"2108",1,1,0.000115934732370119
"2109",1,1,0.00264693978987633
"2110",1,1,0.00393138046003874
"2111",1,1,0.00211507540754974
"2112",1,1,0.00197221178375185
"2113",1,1,0.000482394495978984
"2114",1,1,0.00123920802399518
"2115",1,1,0.00144834615476431
"2116",1,1,0.00250135949812828
"2117",1,1,0.00166453375667334
"2118",1,1,0.00272586073074488
"2119",1,1,0.00058913023956123
"2120",1,1,0.00140074539463968
"2121",1,1,0.000708002099767355
"2122",1,1,0.0025007674936205
"2123",1,1,0.000893485369160795
"2124",1,1,0.00141972343903036
"2125",1,1,0.00115299655031415
"2126",1,1,0.000316721227020061
"2127",1,1,0.00343643177580085
"2128",1,1,0.00393798722513016
"2129",1,1,0.0032206971440464
"2130",1,1,0.00091116644162687
"2131",1,1,0.00338262777961788
"2132",1,1,0.00304087854642419
"2133",1,1,0.00100050864554944
"2134",1,1,0.00121787936892362
"2135",1,1,0.00254026321228592
"2136",1,1,1.16450488567774e-05
"2137",1,1,0.000441474938765201
"2138",1,1,0.00115959858242424
"2139",1,1,0.00269677575211971
"2140",1,1,0.00137212737835945
"2141",1,1,0.00264603455830364
"2142",1,1,0.0015383314555511
"2143",1,1,0.00127912249416114
"2144",1,1,0.0038308517253026
"2145",1,1,0.00345587673969564
"2146",1,1,0.00224077782221138
"2147",1,1,0.000344806415960228
"2148",1,1,0.0010739957643673
"2149",1,1,0.0015435194335878
"2150",1,1,0.00375807391479608
"2151",1,1,0.00342854288499799
"2152",1,1,0.00254406390432267
"2153",1,1,0.00212760214973241
"2154",1,1,0.000921915112063311
"2155",1,1,0.00108637896925213
"2156",1,1,0.00282654756773261
"2157",1,1,0.00271025129966436
"2158",1,1,0.00119678725581618
"2159",1,1,0.000369224818423425
"2160",1,1,0.00327286984305826
"2161",1,1,0.000332381892018056
"2162",1,1,7.84957539290598e-05
"2163",1,0,0.00171418584696949
"2164",1,0,0.000762166742235448
"2165",1,0,0.00236732109449803
"2166",1,0,0.000803333126008536
"2167",1,0,0.00227639630902558
"2168",1,0,0.000208295122720339
"2169",1,0,0.00137762425467373
"2170",1,0,0.00352785434946415
"2171",1,0,0.00163437962438912
"2172",1,0,0.00252060798555611
"2173",1,0,0.00310365275572983
"2174",1,0,0.00334526099078354
"2175",1,0,0.00275137429125605
"2176",1,0,0.00140122990403326
"2177",1,0,0.00249222626350819
"2178",1,0,0.000496815090067717
"2179",1,1,0.00308220624737439
"2180",1,1,0.00231444082781672
"2181",1,1,0.00302710572723297
"2182",1,1,0.00225684570521116
"2183",1,1,0.00243442902062087
"2184",1,1,0.00263438181858508
"2185",1,1,0.00344527739193287
"2186",1,1,0.00115680318139495
"2187",1,1,0.00070738054346296
"2188",1,1,0.00267589919269083
"2189",1,1,0.00136762485560031
"2190",1,1,0.00382622286304828
"2191",1,1,0.00142610628530384
"2192",1,1,0.0023160167876631
"2193",1,1,0.0019552965387702
"2194",1,1,0.00375578764453527
"2195",1,1,0.00309601533133534
"2196",1,1,0.000316122285090423
"2197",1,1,0.00315013423282651
"2198",1,1,0.00229653916414826
"2199",1,1,0.00384582212381061
"2200",1,1,0.00368244871776547
"2201",1,1,0.00252673133276402
"2202",1,1,0.00300698192138223
"2203",1,1,0.00076979758776727
"2204",1,1,0.00213839346636086
"2205",1,1,0.000756494458764818
"2206",1,1,0.00044189933035526
"2207",1,1,0.00281399782933293
"2208",1,1,0.000340648430399632
"2209",1,1,0.00331728829164055
"2210",1,1,0.00381950598862018
"2211",1,1,0.000684286765754251
"2212",1,1,0.000903018244542205
"2213",1,1,0.00358593430742618
"2214",1,1,0.00243950468115508
"2215",1,1,0.00137722505349667
"2216",1,1,0.00297244346514342
"2217",1,1,0.00126310003548862
"2218",1,0,0.000427523989230428
"2219",1,0,0.000711068917065886
"2220",1,0,0.00115958169754596
"2221",1,0,0.00172578947246075
"2222",1,0,5.14048803601942e-06
"2223",1,0,0.00115017974935474
"2224",1,0,0.00286532400269059
"2225",1,0,0.000142578287050167
"2226",1,0,0.0037176652634516
"2227",1,0,0.0013451852137223
"2228",1,0,0.00185208659153432
"2229",1,0,0.00324802258703855
"2230",1,0,0.000863408877514327
"2231",1,0,0.00227589967660605
"2232",1,0,0.00332466795295474
"2233",1,0,0.00221574745606631
"2234",1,0,0.000588425781577855
"2235",1,0,0.00169554768875242
"2236",1,0,0.00392924557719376
"2237",1,0,0.00391349200438704
"2238",1,0,0.00268897591903804
"2239",1,0,0.00349879669491198
"2240",1,0,0.001968606303446
"2241",1,0,0.00206674962863326
"2242",1,0,0.00325884146057067
"2243",1,0,0.000448783494532141
"2244",1,0,0.000397477801889215
"2245",1,0,0.00266648818179964
"2246",1,0,0.00181440430972726
"2247",1,0,0.00236532277427613
"2248",1,0,0.00393805832415815
"2249",1,0,0.00216080720722675
"2250",1,1,0.00143888980895282
"2251",1,1,0.00249424660950898
"2252",1,1,0.00351398963388052
"2253",1,1,0.00276907181646673
"2254",1,1,0.00281591128371654
"2255",1,1,0.00240449480619281
"2256",1,1,0.00109978332649918
"2257",1,1,0.00118657934106888
"2258",1,1,0.00149719196371735
"2259",1,0,0.000159323194064239
"2260",1,0,0.00198785431217402
"2261",1,0,0.00046397471148524
"2262",1,0,0.00274917266424744
"2263",1,0,0.000263053614646233
"2264",1,0,0.00191549163218588
"2265",1,0,0.00235818905849009
"2266",1,0,0.00130581562221052
"2267",1,0,0.000590179029852182
"2268",1,0,0.0031641907515004
"2269",1,0,0.000110737449489574
"2270",1,0,0.00332198018580672
"2271",1,0,0.00012557131331418
"2272",1,0,0.00239429180137812
"2273",1,0,0.00251735843531786
"2274",1,0,0.000505224402993949
"2275",1,0,0.000531121195293994
"2276",1,0,0.000508268117904695
"2277",1,0,0.00152953515108676
"2278",1,0,0.00313279714062808
"2279",1,0,0.00356315216142681
"2280",1,0,0.0009471664298326
"2281",1,0,0.00315977656841276
"2282",1,0,0.0029386420464143
"2283",1,0,0.00314235041569916
"2284",1,0,0.00251998830679803
"2285",1,0,0.000133608455769757
"2286",1,0,0.00256567037105559
"2287",1,0,0.00088252930156889
"2288",1,0,0.00302841271739451
"2289",1,0,0.00045442155748609
"2290",1,0,0.00280763925611971
"2291",1,0,0.0438871576590248
"2292",0,0,0.0525061187064424
"2293",0,0,0.0489017301015705
"2294",0,0,0.0525779639091491
"2295",0,0,0.0506422524396479
"2296",0,0,0.0486138041354865
"2297",1,0,0.0518808665545806
"2298",1,0,0.0494822662621886
"2299",1,0,0.0486763851018772
"2300",1,0,0.0517724844124317
"2301",1,0,0.0523527432410195
"2302",1,0,0.0493571827868149
"2303",0,0,0.100976514563926
"2304",0,0,0.0996329034706876
"2305",0,0,0.100469893923059
"2306",1,0,0.100407974144474
"2307",1,0,0.097929577635631
"2308",1,1,0.127498402461182
"2309",0,0,0.147507298224921
"2310",0,0,0.147690785012524
"2311",0,0,0.149352543096374
"2312",1,0,0.149781703138108
"2313",1,0,0.148905198421645
"2314",1,0,0.147193616092521
"2315",1,0,0.149627209941241
"2316",0,0,0.167736548651308
"2317",0,0,0.198431379661955
"2318",0,0,0.197952916432232
"2319",0,0,0.195304718202971
"2320",0,0,0.195048986921147
"2321",1,0,0.208170547379388
"2322",1,0,0.226527638989329
"2323",0,1,0.223745806322241
"2324",0,1,0.226026172056602
"2325",0,1,0.226931114055955
"2326",1,1,0.225498663534218
"2327",1,1,0.226643347657093
"2328",1,1,0.223793413909891
"2329",0,0,0.230581814043328
"2330",1,0,0.233723503542237
"2331",0,0,0.232197286396461
"2332",0,0,0.23205525231565
"2333",0,0,0.23226024738344
"2334",1,0,0.232329911148349
"2335",0,1,0.244913028442487
"2336",0,1,0.244011940720678
"2337",0,1,0.243923830887489
"2338",0,1,0.243728403336555
"2339",1,1,0.244676261111349
"2340",1,1,0.244632779100165
"2341",1,1,0.244679069281742
"2342",1,1,0.243200878910907
"2343",1,1,0.242781323212385
"2344",1,1,0.241888381056674
"2345",1,1,0.242088102483377
"2346",1,1,0.241722022434883
"2347",0,0,0.246928942039023
"2348",1,0,0.243452915350321
"2349",1,0,0.245467092967938
"2350",1,0,0.243123821290555
"2351",1,0,0.252834305918745
"2352",0,0,0.254557536693681
"2353",1,0,0.2547849922687
"2354",0,0,0.272248144837109
"2355",1,0,0.280283522203312
"2356",0,1,0.285706812531914
"2357",0,1,0.28373081273422
"2358",0,1,0.286053403180319
"2359",0,1,0.284994803574163
"2360",0,1,0.285542494917515
"2361",1,1,0.286437095910538
"2362",1,1,0.286967133390013
"2363",1,1,0.284043885672692
"2364",1,1,0.286088473421748
"2365",1,1,0.284803236017231
"2366",1,1,0.284358449536603
"2367",0,0,0.288124563855142
"2368",1,0,0.289392962029227
"2369",0,0,0.29292038551688
"2370",1,0,0.294232480254655
"2371",1,0,0.292645160055419
"2372",0,0,0.295071814241187
"2373",1,0,0.302999796627437
"2374",0,0,0.313128204070884
"2375",0,0,0.319475838384246
"2376",0,0,0.335026736297852
"2377",1,0,0.340322928942336
"2378",0,0,0.343597081128061
"2379",1,0,0.341949014470465
"2380",0,0,0.352566619393245
"2381",0,0,0.352223087334834
"2382",1,0,0.35037999192515
"2383",0,0,0.357731543462287
"2384",1,0,0.358127604782145
"2385",0,0,0.367184086372915
"2386",0,0,0.368719958678659
"2387",1,0,0.3736932118322
"2388",0,0,0.390567678023256
"2389",1,0,0.389710645493247
"2390",1,1,0.40289254915972
"2391",1,1,0.401439931439951
"2392",0,0,0.413489879965806
"2393",1,0,0.421737527014057
"2394",1,0,0.440870382056883
"2395",1,0,0.44759852663952
"2396",1,1,0.448981820799957
"2397",1,1,0.448283185273024
"2398",0,0,0.456024031893283
"2399",0,0,0.464402972306082
"2400",0,0,0.465714942797044
"2401",1,0,0.466877070809671
"2402",1,0,0.464349072074474
"2403",1,0,0.466200915656941
"2404",1,0,0.463984215386169
"2405",1,0,0.470098146381731
"2406",0,0,0.478713502994027
"2407",0,1,0.485938829668239
"2408",0,1,0.482214469963127
"2409",0,1,0.485088468551078
"2410",0,1,0.48577035136465
"2411",0,1,0.484331071894058
"2412",0,1,0.484805252829008
"2413",1,1,0.484962591232174
"2414",1,1,0.486040195542761
"2415",0,0,0.495451455020186
"2416",0,0,0.495364640267406
"2417",1,0,0.509721849932187
"2418",1,1,0.510853812289056
"2419",0,1,0.51275111985021
"2420",0,1,0.513758808001883
"2421",0,1,0.513717028470717
"2422",0,1,0.512759767636664
"2423",1,1,0.51595054297243
"2424",1,1,0.513490194442689
"2425",1,1,0.512553869217641
"2426",1,1,0.512373515542604
"2427",1,0,0.516941851152235
"2428",0,1,0.532882841988453
"2429",0,1,0.531242936265641
"2430",0,1,0.530874810498194
"2431",0,1,0.532144228178062
"2432",0,1,0.529611259563812
"2433",0,1,0.530304858994656
"2434",0,1,0.532740677131326
"2435",0,1,0.532819581079283
"2436",0,1,0.530266965155476
"2437",0,1,0.533077839439721
"2438",1,1,0.529118088754811
"2439",1,1,0.530492111049578
"2440",1,1,0.531662244716645
"2441",1,1,0.530058635220849
"2442",1,1,0.532226317801499
"2443",0,1,0.570591825882816
"2444",0,1,0.569132780615152
"2445",0,1,0.567759220301085
"2446",0,1,0.567805713348934
"2447",0,1,0.570081471962766
"2448",0,1,0.567554915040643
"2449",1,1,0.567532494169572
"2450",1,1,0.56793482650342
"2451",1,1,0.570612253981554
"2452",1,0,0.589466019782837
"2453",0,1,0.670339583889241
"2454",1,1,0.673137570127504
"2455",1,1,0.673155963536012
"2456",1,1,0.671749127051453
"2457",0,0,0.695796985726002
"2458",0,0,0.694863604760859
"2459",0,0,0.697840472165625
"2460",0,0,0.695532299080994
"2461",1,0,0.696683617703747
"2462",1,0,0.696569928913507
"2463",1,0,0.694981898563113
"2464",1,0,0.694836495865266
"2465",0,1,0.725164472342097
"2466",0,1,0.723935116772168
"2467",1,1,0.723274636740425
"2468",1,1,0.726295131096245
"2469",1,1,0.723527098777332
"2470",1,1,0.725240355318972
"2471",0,0,0.735476565132588
"2472",0,0,0.734008149142117
"2473",0,0,0.735372385391705
"2474",0,0,0.73331822875116
"2475",0,0,0.735491794285104
"2476",0,0,0.735904745408073
"2477",0,0,0.734805302406401
"2478",0,0,0.733316093996838
"2479",0,0,0.733044084600844
"2480",0,0,0.733458789640777
"2481",1,0,0.735181897591539
"2482",1,0,0.734612747571171
"2483",1,0,0.733627521022894
"2484",1,0,0.732436349814497
"2485",1,0,0.733124803284854
"2486",1,0,0.734837905943133
"2487",1,1,0.741897322992895
"2488",0,1,0.798496952624846
"2489",0,1,0.799276383649412
"2490",0,1,0.79780945992269
"2491",0,1,0.800226474762749
"2492",1,1,0.799189415182773
"2493",1,1,0.7988145945406
"2494",1,1,0.80130445186593
"2495",1,1,0.800193466880213
"2496",1,1,0.799194295919355
"2497",1,0,0.83932175830881
"2498",0,0,0.848453219892166
"2499",0,0,0.849145327223174
"2500",0,0,0.84793226810795
"2501",0,0,0.848817883908458
"2502",1,0,0.849687148952566
"2503",1,0,0.849710058738187
"2504",1,0,0.849507338935218
"2505",1,0,0.847340626061603
"2506",0,1,0.852309547379752
"2507",1,1,0.853644864309718
"2508",1,1,0.855148281058388
"2509",1,0,0.855607892974371
"2510",0,1,0.868700555626229
"2511",0,1,0.868804122622051
"2512",0,1,0.867087337490097
"2513",1,1,0.867537111918368
"2514",1,1,0.887979686259761
"2515",0,1,0.896487413011652
"2516",0,1,0.894479869655495
"2517",1,1,0.895806680845258
"2518",1,1,0.89512886353412
"2519",1,0,0.923673470075016
"2520",0,0,0.929527956556832
"2521",0,0,0.929413534363103
"2522",0,0,0.928742367100274
"2523",0,0,0.926985498172534
"2524",1,0,0.928338249392179
"2525",1,0,0.928338935600897
"2526",1,0,0.926675642302563
"2527",1,0,0.928597966276412
"2528",1,0,0.926251862577466
"2529",0,1,0.959572649545735
"2530",0,1,0.96273448450002
"2531",1,1,0.961446228425718
"2532",1,1,0.962056973084575
"2533",1,1,0.962735569463811
"2534",1,1,0.962038195164642
"2535",1,1,0.96183009118843
"2536",1,1,0.9614060506213
"2537",1,1,0.961329891267
"2538",0,1,0.967580816183054
"2539",1,1,0.966465254531057
"2540",1,1,1.01226168513572
"2541",1,1,1.01230960940285
"2542",0,1,1.02851121407872
"2543",0,1,1.02680103139239
"2544",0,1,1.02751123998532
"2545",0,1,1.0276291858734
"2546",1,1,1.02596418691086
"2547",0,1,1.05674844315
"2548",0,1,1.05528360840961
"2549",0,1,1.05392819471474
"2550",0,1,1.05750072946496
"2551",0,1,1.05462811341606
"2552",0,1,1.05622450618822
"2553",0,1,1.05600198331106
"2554",0,1,1.05685232683088
"2555",1,1,1.05577369472015
"2556",1,1,1.05550475568235
"2557",1,1,1.05685929550793
"2558",1,1,1.05691703201089
"2559",1,1,1.05717939535625
"2560",1,1,1.05440972187653
"2561",1,1,1.05620292496592
"2562",1,1,1.05517899658162
"2563",0,1,1.05829410136287
"2564",0,1,1.05986780768615
"2565",0,1,1.06211469324381
"2566",1,1,1.05987090334744
"2567",1,1,1.06111636977066
"2568",1,1,1.06129139884357
"2569",1,1,1.11364700018642
"2570",0,1,1.11725100077211
"2571",0,1,1.11794016365788
"2572",1,1,1.11680994093965
"2573",1,1,1.11634867013141
"2574",0,1,1.12910613132658
"2575",0,1,1.12864872971474
"2576",0,1,1.12770833144541
"2577",0,1,1.12816088258213
"2578",0,1,1.12921216385457
"2579",1,1,1.12623532868474
"2580",1,1,1.12687984372972
"2581",1,1,1.1276518743338
"2582",1,1,1.1296685094146
"2583",1,1,1.13477348994942
"2584",1,1,1.13731177278435
"2585",0,1,1.14021918611194
"2586",0,1,1.14028602316662
"2587",0,1,1.13969818071614
"2588",0,1,1.14072032422445
"2589",1,1,1.13982769157237
"2590",0,0,1.16057919848517
"2591",1,0,1.15781857351766
"2592",0,1,1.16309963907606
"2593",0,1,1.16030608340378
"2594",0,1,1.16083547502222
"2595",0,1,1.16288907231415
"2596",1,1,1.16342830253883
"2597",1,1,1.16324261281012
"2598",1,0,1.1788829541466
"2599",1,1,1.21092179115166
"2600",0,1,1.22514863522456
"2601",0,1,1.22437025485851
"2602",0,1,1.22415551948745
"2603",0,1,1.22494311523263
"2604",0,1,1.22432335496519
"2605",0,1,1.22445335416414
"2606",1,1,1.22486481806741
"2607",1,1,1.22726874780853
"2608",0,1,1.24279678061261
"2609",0,1,1.24387894665293
"2610",1,1,1.24275570542488
"2611",1,1,1.24466944894969
"2612",1,1,1.24443296561047
"2613",1,1,1.24313280073303
"2614",1,1,1.24226563114516
"2615",1,1,1.2439044044831
"2616",1,1,1.28112490163555
"2617",0,1,1.28510616246176
"2618",0,1,1.2853523187035
"2619",0,1,1.28585325249408
"2620",0,1,1.28696785030917
"2621",0,1,1.28379128190254
"2622",0,1,1.28544274061856
"2623",0,1,1.28540099094094
"2624",0,1,1.28735425608822
"2625",1,1,1.28583751733445
"2626",1,1,1.28379814312451
"2627",1,1,1.2853387182181
"2628",1,1,1.28490260932904
"2629",1,1,1.28453463911016
"2630",1,1,1.28755078558002
"2631",1,1,1.28398960026384
"2632",1,1,1.28422172012956
"2633",0,1,1.31286066962647
"2634",0,1,1.31138923179785
"2635",0,1,1.31398516454416
"2636",1,1,1.31149483797847
"2637",1,1,1.3128378220057
"2638",1,1,1.31301638337931
"2639",1,1,1.31213685339557
"2640",1,1,1.31086709439809
"2641",0,1,1.31799726032377
"2642",0,1,1.31642563638841
"2643",0,1,1.31659199114614
"2644",0,1,1.31609780073915
"2645",1,1,1.31773331126389
"2646",1,1,1.31603426402439
"2647",1,1,1.31585871635661
"2648",1,1,1.3163121430241
"2649",1,1,1.31601839702581
"2650",1,1,1.31937475036648
"2651",1,1,1.31712656686087
"2652",0,1,1.3402282253989
"2653",0,1,1.34013086547525
"2654",0,1,1.34034626335194
"2655",0,1,1.34206297676553
"2656",0,1,1.34002008126033
"2657",0,1,1.33887073020832
"2658",1,1,1.3405739727077
"2659",1,1,1.3406200090778
"2660",1,1,1.34210105853816
"2661",1,1,1.33974653331199
"2662",1,1,1.3390066242964
"2663",0,1,1.34171716963323
"2664",1,1,1.34053923193841
"2665",1,1,1.34009838025189
"2666",1,1,1.34143051823704
"2667",0,0,1.38385950929585
"2668",0,0,1.38416089470319
"2669",0,0,1.38355188743684
"2670",0,0,1.38440460291884
"2671",1,0,1.38404544731609
"2672",1,0,1.38451250406734
"2673",1,0,1.38187689476374
"2674",1,0,1.38131388770982
"2675",0,1,1.38614136417199
"2676",0,1,1.38873193825025
"2677",0,0,1.39000995450462
"2678",0,0,1.39009574645753
"2679",1,0,1.39166053577135
"2680",1,1,1.44796946743423
"2681",0,1,1.4495398905408
"2682",0,0,1.46419343514937
"2683",0,0,1.46696087789639
"2684",1,0,1.46600013327609
"2685",1,0,1.46603718097891
"2686",1,0,1.46715162812091
"2687",1,1,1.50235939782833
"2688",1,1,1.50068564512649
"2689",1,1,1.501619737162
"2690",1,1,1.50035710580994
"2691",1,1,1.50004476251801
"2692",1,1,1.50300137417831
"2693",0,1,1.50998955920186
"2694",0,1,1.51110593360044
"2695",1,1,1.5107806760998
"2696",1,1,1.51064311142392
"2697",1,1,1.50997208294306
"2698",1,1,1.51086652696911
"2699",1,1,1.51145405131798
"2700",0,1,1.5187695389151
"2701",0,1,1.51665427579483
"2702",0,1,1.51622781307933
"2703",0,1,1.51550635920403
"2704",0,1,1.51543288305247
"2705",1,1,1.51775598033828
"2706",1,1,1.51823851645862
"2707",1,1,1.51832899804258
"2708",1,1,1.51680013247517
"2709",1,1,1.52009029641226
"2710",0,1,1.53762663029021
"2711",0,0,1.55665575126304
"2712",0,0,1.55546221351369
"2713",0,0,1.55308717745008
"2714",0,0,1.55406764973166
"2715",1,0,1.55603007210257
"2716",1,0,1.55663579432225
"2717",1,0,1.55490948735295
"2718",1,0,1.55380262066262
"2719",1,0,1.55584310127354
"2720",0,1,1.56517099279069
"2721",0,1,1.56231673117538
"2722",1,1,1.56433310753384
"2723",0,1,1.58877927659649
"2724",0,1,1.59613861943768
"2725",0,1,1.59749388932889
"2726",0,1,1.59604217118942
"2727",1,1,1.59750453455732
"2728",1,1,1.59697577389409
"2729",1,1,1.5973122485437
"2730",1,1,1.59631603373294
"2731",1,1,1.59506418408719
"2732",0,0,1.62180097273066
"2733",0,0,1.62429679943974
"2734",0,1,1.64231168365092
"2735",0,1,1.66163529521007
"2736",0,1,1.65928912929225
"2737",0,1,1.66055909902382
"2738",0,1,1.65923602163199
"2739",0,1,1.6615704218835
"2740",0,1,1.65975597259089
"2741",0,1,1.65945031361714
"2742",0,1,1.65957987149864
"2743",0,1,1.66147207039654
"2744",1,1,1.66030487530924
"2745",1,1,1.66095467573463
"2746",1,0,1.69544824000048
"2747",1,1,1.70388771020649
"2748",0,1,1.71586244703923
"2749",0,1,1.71544011433795
"2750",0,1,1.71603927104082
"2751",0,1,1.71803914676514
"2752",0,1,1.71700852769893
"2753",1,1,1.71687436793838
"2754",1,1,1.71594954231661
"2755",1,1,1.7170585609721
"2756",0,1,1.72389142688998
"2757",0,1,1.72461705321521
"2758",0,1,1.72183544801624
"2759",0,1,1.72278244256956
"2760",0,1,1.7239268245481
"2761",0,1,1.72147991317772
"2762",1,1,1.72432787316927
"2763",1,1,1.7216969584765
"2764",1,1,1.72209119934292
"2765",0,1,1.78762797443477
"2766",0,1,1.78750634207206
"2767",0,1,1.78630788255019
"2768",0,1,1.78614083437065
"2769",0,1,1.83181398561519
"2770",0,1,1.83025826311593
"2771",0,1,1.82909907020458
"2772",1,0,1.88081928959521
"2773",0,1,1.91954815726185
"2774",0,1,1.92142658110445
"2775",0,0,1.95050133597523
"2776",0,0,1.95216978084993
"2777",1,0,1.95242603084956
"2778",1,0,1.95108705665682
"2779",1,0,1.95118717473139
"2780",1,0,1.95172887348522
"2781",1,0,1.95242464168601
"2782",1,0,1.97869501983834
"2783",0,1,1.98566082153225
"2784",0,1,2.00885483216128
"2785",0,1,2.01037902910269
"2786",1,1,2.01088125852222
"2787",0,1,2.04454545021982
"2788",0,1,2.04228838284959
"2789",1,1,2.04362792825692
"2790",1,1,2.04417821181745
"2791",1,1,2.06488293685914
"2792",0,0,2.08618580114657
"2793",0,1,2.10915894583823
"2794",0,1,2.10788549940964
"2795",0,1,2.10962656454766
"2796",1,1,2.11037335696654
"2797",1,1,2.10812772207358
"2798",1,1,2.11078615528835
"2799",1,1,2.10963136046869
"2800",1,0,2.11719734211973
"2801",1,1,2.14429194971038
"2802",0,0,2.14854017249402
"2803",0,0,2.14840195348394
"2804",0,0,2.14718230838888
"2805",0,0,2.14779896167014
"2806",0,0,2.14620129644033
"2807",0,0,2.14653600330092
"2808",1,0,2.14597974830494
"2809",0,0,2.19786674821041
"2810",0,0,2.19990635151546
"2811",0,0,2.19765362172983
"2812",0,0,2.19719607111476
"2813",1,0,2.19723582602702
"2814",0,1,2.2223897773246
"2815",0,1,2.22279302959095
"2816",0,1,2.2225295507875
"2817",1,1,2.22355879459202
"2818",1,1,2.22519131129466
"2819",0,1,2.23208625750034
"2820",0,1,2.23949836880788
"2821",0,1,2.2385785752831
"2822",0,1,2.23736551405098
"2823",0,1,2.23882449687067
"2824",0,1,2.23785772558562
"2825",1,1,2.24054852945431
"2826",1,1,2.23775826086457
"2827",1,1,2.24023811405785
"2828",1,1,2.24024696121346
"2829",1,1,2.23890037036482
"2830",1,1,2.23825929626338
"2831",0,1,2.25243582597859
"2832",0,1,2.25580591369252
"2833",0,1,2.25227042014915
"2834",1,1,2.25411912092212
"2835",1,1,2.25277958581615
"2836",0,1,2.27802420575772
"2837",0,1,2.278093576563
"2838",1,0,2.28663271247661
"2839",1,0,2.28709450471467
"2840",1,0,2.28561205656519
"2841",1,0,2.28382016050322
"2842",0,1,2.32272841828663
"2843",0,1,2.32345295925971
"2844",0,1,2.37703978590235
"2845",0,1,2.37766322440874
"2846",1,1,2.37695817399804
"2847",1,1,2.37610087358892
"2848",1,1,2.37583576005545
"2849",0,1,2.39359636929572
"2850",1,0,2.3934173140939
"2851",1,0,2.40050030491469
"2852",0,1,2.45175147766271
"2853",0,1,2.45137438917463
"2854",0,1,2.45132174739824
"2855",1,1,2.44976742981025
"2856",1,1,2.44939853857108
"2857",0,1,2.45704744533354
"2858",0,1,2.4644646809463
"2859",0,1,2.46609242632413
"2860",0,1,2.46572334928611
"2861",0,1,2.46619804485967
"2862",0,1,2.46530493497836
"2863",0,1,2.46553705485245
"2864",0,1,2.465025498513
"2865",1,1,2.46434459673414
"2866",0,1,2.48209099671752
"2867",1,1,2.48242916591787
"2868",0,0,2.54903548745165
"2869",0,0,2.55827743637146
"2870",0,0,2.55809390877051
"2871",0,0,2.55838536951089
"2872",0,0,2.56067067177736
"2873",0,0,2.56057006203712
"2874",0,0,2.55898240517688
"2875",0,0,2.56015265328952
"2876",0,0,2.56088882754141
"2877",1,0,2.55873505180472
"2878",0,0,2.56801152211907
"2879",0,0,2.56808440306517
"2880",0,0,2.56748510267506
"2881",0,0,2.56527703855014
"2882",0,0,2.56578128060619
"2883",0,0,2.56412013999945
"2884",0,0,2.56771958416434
"2885",1,0,2.5663698590306
"2886",1,0,2.56485043464428
"2887",1,0,2.56735831457483
"2888",0,1,2.56794391668649
"2889",1,1,2.57115396337086
"2890",1,0,2.57399596892563
"2891",0,1,2.62483375648238
"2892",0,0,2.62660067391353
"2893",0,0,2.62838035003147
"2894",0,0,2.62542542761801
"2895",0,0,2.6247846444692
"2896",0,0,2.62849444911307
"2897",0,0,2.62527586881681
"2898",1,0,2.62817504402953
"2899",1,0,2.62760572661883
"2900",1,0,2.62587289546015
"2901",1,0,2.62469866297445
"2902",1,0,2.62575082661635
"2903",1,0,2.6285755083594
"2904",1,0,2.62834815764571
"2905",1,0,2.62772371657337
"2906",1,0,2.62581237641028
"2907",0,1,2.63256127817548
"2908",0,1,2.63329752940863
"2909",0,1,2.6318398597249
"2910",1,1,2.63393884550958
"2911",0,0,2.65979251823378
"2912",0,1,2.66994309999334
"2913",0,1,2.66891189876484
"2914",0,1,2.66915484261518
"2915",0,1,2.66757856854057
"2916",0,1,2.66730501930049
"2917",1,1,2.66724085317185
"2918",0,1,2.67964872782898
"2919",0,1,2.67970477867813
"2920",1,1,2.67738485328888
"2921",1,1,2.67802878794481
"2922",0,0,2.68156284213767
"2923",0,0,2.6816486900612
"2924",0,0,2.68467367886987
"2925",1,0,2.68370387439199
"2926",1,0,2.68481199429512
"2927",1,0,2.6817824903927
"2928",1,0,2.68370689833399
"2929",1,0,2.68312686547965
"2930",0,0,2.70473164979919
"2931",0,0,2.70355235868311
"2932",0,0,2.70639574252899
"2933",1,0,2.7038795290812
"2934",1,0,2.70278529267843
"2935",1,0,2.70362354532248
"2936",1,0,2.70333572348851
"2937",0,1,2.743571621749
"2938",0,1,2.74090901548919
"2939",0,1,2.74170176694487
"2940",0,1,2.74166012799405
"2941",0,1,2.74307302903608
"2942",1,1,2.74159860602059
"2943",1,1,2.74050633316897
"2944",1,1,2.7416923525868
"2945",0,0,2.76387126602415
"2946",0,0,2.76574201057661
"2947",0,0,2.76480078339759
"2948",0,0,2.76434307288934
"2949",1,1,2.76332614940867
"2950",1,1,2.76589665758141
"2951",1,0,2.76457475204483
"2952",1,0,2.76533611022864
"2953",1,0,2.76470752610169
"2954",0,1,2.77283317063261
"2955",0,1,2.77136795389536
"2956",1,1,2.77179859813839
"2957",0,0,2.77908617407971
"2958",1,0,2.77916826949969
"2959",1,0,2.78005094494533
"2960",1,0,2.78125150603291
"2961",0,0,2.84370846927074
"2962",0,0,2.84388972635382
"2963",1,0,2.84356714636461
"2964",1,0,2.84243984858041
"2965",1,0,2.84164939285444
"2966",0,0,2.84962782047699
"2967",1,0,2.85234763691584
"2968",1,0,2.8519398242618
"2969",1,0,2.85274588336526
"2970",1,0,2.85155751265782
"2971",1,0,2.84963381059012
"2972",1,0,2.84960185788209
"2973",1,0,2.85264688200793
"2974",0,1,2.88000320946648
"2975",0,1,2.8912321640563
"2976",0,1,2.8930168043033
"2977",0,1,2.89023406998746
"2978",0,1,2.89162256671142
"2979",0,1,2.89115222388998
"2980",0,1,2.89163294761375
"2981",1,1,2.8936383659656
"2982",0,0,2.93146938456413
"2983",0,0,2.97887109580418
"2984",0,0,2.97682793572606
"2985",0,0,2.98012703192481
"2986",1,0,2.97774342662902
"2987",1,0,2.97919324098681
"2988",1,0,2.97927420575698
"2989",1,0,2.97774272468281
"2990",1,0,2.97721684913119
"2991",0,0,2.98699296769396
"2992",0,0,2.98679004751601
"2993",0,0,2.98774213069108
"2994",0,0,2.98825526612055
"2995",1,0,2.98846977674951
"2996",1,0,2.98510821995967
"2997",1,0,2.98852510269162
"2998",1,0,2.98724567988691
"2999",1,0,2.98517591379759
"3000",0,1,2.99932098283941
"3001",0,1,2.99869256988304
"3002",1,0,3.00566083861762
"3003",1,0,3.01196287054934
"3004",0,1,3.02034362794788
"3005",0,1,3.03317890182945
"3006",1,1,3.03326903888366
"3007",1,1,3.03214987671624
"3008",0,0,3.05177979988553
"3009",0,0,3.04888545874641
"3010",0,0,3.0489035701551
"3011",1,0,3.05074170889468
"3012",1,0,3.0508227395494
"3013",1,0,3.05254299780675
"3014",1,0,3.05040915748891
"3015",1,0,3.06198961012503
"3016",0,1,3.10758481841194
"3017",0,1,3.10801180469277
"3018",0,0,3.10936975910733
"3019",0,0,3.10631718438803
"3020",1,1,3.10777600794131
"3021",1,0,3.10728673485046
"3022",1,0,3.10864307995731
"3023",1,0,3.10776114498856
"3024",1,0,3.10800204498446
"3025",0,1,3.16337489150543
"3026",0,1,3.16208317974847
"3027",0,0,3.2259657455199
"3028",0,0,3.22751021903013
"3029",0,0,3.22640785400016
"3030",0,0,3.22621576638804
"3031",0,0,3.22876805860089
"3032",1,0,3.22884198430931
"3033",1,0,3.22751529437588
"3034",1,0,3.22848790207231
"3035",1,0,3.22691928781481
"3036",1,0,3.23776325941134
"3037",0,1,3.27940097195342
"3038",0,1,3.2791008736106
"3039",0,1,3.28251145347268
"3040",0,1,3.28005294302352
"3041",0,1,3.28201572830942
"3042",1,1,3.27898685594615
"3043",0,0,3.33412240263535
"3044",0,0,3.33612135769328
"3045",1,0,3.33728066688677
"3046",1,0,3.33616206909804
"3047",0,0,3.34540596327709
"3048",0,0,3.34467235661542
"3049",0,0,3.34453942928707
"3050",0,0,3.34688353489956
"3051",0,0,3.34527084374579
"3052",1,0,3.34551955933182
"3053",1,0,3.34508107327541
"3054",1,0,3.34670153947139
"3055",1,0,3.34838379046565
"3056",1,0,3.34755507504532
"3057",1,0,3.34795844241569
"3058",0,1,3.34866440209297
"3059",0,0,3.38066493488494
"3060",0,0,3.38195648303647
"3061",0,0,3.38191325791106
"3062",0,0,3.38139121356253
"3063",0,0,3.38133262798395
"3064",0,0,3.37900082553104
"3065",0,0,3.38159648611695
"3066",0,0,3.38130574014802
"3067",1,0,3.37926832817886
"3068",1,0,3.37843953384105
"3069",1,0,3.37880291976892
"3070",1,0,3.38064945991635
"3071",1,0,3.38022022589501
"3072",0,0,3.38835787899567
"3073",0,1,3.43194028418867
"3074",0,1,3.43174085414952
"3075",0,1,3.43328212897183
"3076",0,1,3.43405961453619
"3077",0,1,3.4458652450664
"3078",0,1,3.44507090036739
"3079",0,1,3.44246960155089
"3080",1,1,3.44438565331586
"3081",0,0,3.66082390411076
"3082",1,0,3.66346633622394
"3083",0,1,3.67289566011575
"3084",1,0,3.69773402056139
"3085",0,1,3.71883983404945
"3086",0,1,3.71776774209003
"3087",0,1,3.72104826297994
"3088",1,1,3.71947885506983
"3089",1,1,3.72571063434869
"3090",0,0,3.79086333313485
"3091",0,0,3.78815917558869
"3092",1,0,3.78949312773527
"3093",0,1,3.80623564953755
"3094",1,1,3.80625893259726
"3095",1,0,3.83237452783874
"3096",0,1,3.85420126727984
"3097",0,0,3.8645609975272
"3098",1,0,3.86420494825962
"3099",1,0,3.86490421357855
"3100",1,0,3.8627515112023
"3101",0,1,3.89491104144072
"3102",0,1,3.89344037668434
"3103",0,1,3.89210250691445
"3104",0,1,3.92449117178109
"3105",0,1,3.92206188485224
"3106",0,1,3.92165255906817
"3107",0,1,3.92399807443109
"3108",1,0,3.93766549736858
"3109",0,1,3.94992061286416
"3110",0,1,3.94839063397419
"3111",0,1,3.94980367457863
"3112",0,1,3.95044828848258
"3113",1,1,3.95003864967168
"3114",1,1,4.01941493560849
"3115",0,1,4.0835577918029
"3116",0,1,4.08170638350012
"3117",1,1,4.08237621674022
"3118",0,0,4.10055314483917
"3119",0,0,4.10155567826382
"3120",0,0,4.09862582349922
"3121",0,0,4.09914371287502
"3122",0,0,4.10103649869799
"3123",1,0,4.10066890251129
"3124",1,0,4.09882466231338
"3125",1,0,4.10206892124056
"3126",1,0,4.10229519111342
"3127",1,0,4.09901487267069
"3128",1,0,4.0989759767694
"3129",1,0,4.10074747768748
"3130",1,0,4.14524371864336
"3131",1,0,4.14670652100972
"3132",1,0,4.14617648726671
"3133",0,1,4.2218298668125
"3134",1,1,4.22234068033651
"3135",1,1,4.2228559953579
"3136",1,1,4.21968376337358
"3137",1,1,4.24136075736523
"3138",0,1,4.36933982001567
"3139",1,1,4.36977384644975
"3140",0,1,4.44525183848304
"3141",1,1,4.44607658102655
"3142",0,1,4.47622896014471
"3143",1,1,4.47482408148274
"3144",1,0,4.65981044740862
"3145",1,1,4.75388891223158
"3146",0,1,4.92611344979491
"3147",0,1,4.92647012630731
"3148",0,0,5.11572739971808
"3149",1,0,5.11671102710633
"3150",1,0,5.11577618799644
"3151",0,0,5.13203863171904
"3152",1,0,5.13057066898371
"3153",0,1,5.14600947331451
"3154",0,0,5.1584369997819
"3155",0,0,5.15727733113142
"3156",0,0,5.15745516108619
"3157",1,0,5.15839153770534
"3158",0,1,5.1662753762832
"3159",0,1,5.18522285164023
"3160",1,0,5.22583086599948
"3161",1,0,5.22328535761851
"3162",0,0,5.25265996483366
"3163",0,0,5.25189026729788
"3164",1,0,5.25301180397558
"3165",0,1,5.26433864664456
"3166",0,1,5.26557014710719
"3167",0,1,5.26379344015087
"3168",0,1,5.26400619172848
"3169",0,1,5.26431081700216
"3170",0,1,5.33440579718473
"3171",0,1,5.33633469161978
"3172",0,0,5.36274554452212
"3173",1,0,5.36436929186159
"3174",1,0,5.36412871339922
"3175",1,0,5.40614518103621
"3176",1,0,5.40596135725978
"3177",0,0,5.52603965328813
"3178",0,0,5.52653537731983
"3179",0,0,5.52787738180526
"3180",1,0,5.5287204216215
"3181",1,0,5.68469115957528
"3182",1,0,5.68522732547115
"3183",1,0,5.68465108181353
"3184",0,0,5.70196119172722
"3185",1,0,5.70118394926134
"3186",0,1,5.78172282864223
"3187",0,0,5.95537379430526
"3188",1,0,5.95467585026205
"3189",1,0,5.95371674385958
"3190",0,0,5.97033586969764
"3191",1,0,5.97295708046274
"3192",1,0,5.97195629165394
"3193",1,1,6.03603360990254
"3194",0,0,6.09917736275409
"3195",0,0,6.10026368349426
"3196",0,0,6.09858998231225
"3197",0,0,6.10135782155309
"3198",0,0,6.09889428103443
"3199",1,0,6.10127723117273
"3200",1,0,6.10030407765143
"3201",1,0,6.0990841706489
"3202",1,0,6.09917578654465
"3203",1,1,6.21325413112872
"3204",1,0,6.2150069192496
"3205",0,1,6.42123518193607
"3206",1,1,6.41858595405799
"3207",1,0,6.45375825168186
"3208",0,1,6.55906420786163
"3209",0,1,6.55970616542684
"3210",0,1,6.66766705603962
"3211",0,0,6.66926861563483
"3212",1,0,6.69073066669073
"3213",0,1,6.7126337929844
"3214",0,0,6.75956197398287
"3215",1,0,6.75922790323794
"3216",1,0,7.05065021419143
"3217",0,0,7.27644390308481
"3218",1,0,7.27320911369096
"3219",0,1,7.43762621705813
"3220",0,1,7.4380661532555
"3221",0,0,7.57615268822264
"3222",0,0,7.67352311488762
"3223",1,0,7.6764222576186
"3224",1,0,7.67310238512289
"3225",1,0,7.67415254687108
"3226",0,0,7.69357181176905
"3227",0,1,7.70413974999126
"3228",0,0,7.72228189847919
"3229",1,0,7.72568743483837
"3230",1,0,7.72283861598207
"3231",1,0,7.72234060563727
"3232",1,0,7.72597338123827
"3233",1,0,7.72574008528351
"3234",0,1,7.84680378780555
"3235",0,1,7.84469468854129
"3236",0,1,7.89545121818588
"3237",0,0,8.04427358274351
"3238",1,0,8.04590040021392
"3239",0,0,8.1996548302465
"3240",0,0,8.19681083299712
"3241",1,0,8.20051587248062
"3242",0,0,8.52636487745219
"3243",1,0,8.52439175058068
"3244",0,1,8.57729527085876
"3245",0,1,8.60821742440875
"3246",0,1,8.73669207525448
"3247",0,0,8.85352997408399
"3248",0,0,8.85240784667862
"3249",0,0,8.85143109455482
"3250",0,0,8.85063626468984
"3251",1,0,8.8500365024997
"3252",1,0,8.85246646809076
"3253",0,1,8.92907500078229
"3254",1,0,8.93157473916819
"3255",0,0,8.95527071134986
"3256",0,0,9.14935024167088
"3257",0,0,9.6782773926291
"3258",1,0,9.74735715792122
"3259",0,0,10.2303874672172
"3260",1,0,10.2307465296597
"3261",0,1,10.2717249030821
"3262",0,0,10.3101122100764
"3263",0,0,10.3110467206129
"3264",1,0,10.3113323119973
"3265",1,0,10.3102460598285
"3266",0,1,10.3284454560428
"3267",0,0,10.4989955284362
"3268",0,1,11.408138283824
"3269",0,1,11.5570586788673
"3270",1,0,11.9069723182366
"3271",0,0,12.2974276728216
"3272",1,0,12.2988660311127
"3273",1,0,12.7917107554577
"3274",1,0,13.1247604381914
"3275",1,1,15.6627996762227
"3276",1,0,16.3967945452958
"3277",1,0,16.3955675045542
"3278",0,0,18.2927048293779
"3279",0,0,20.4938536522346
"3280",1,0,20.4952888587187
